Tracking_ID,Order_ID,Checkpoint,Checkpoint_Time,Delay_Reason,Delay_Minutes
TRK_0001,FLP-ORD-0095,Hub_5_Jaipur,2025-07-16 07:19:00,None,0
TRK_0002,FLP-ORD-0074,Hub_4_Bengaluru,2025-08-05 13:26:00,Weather,27
TRK_0003,FLP-ORD-0199,Hub_2_Pune,2025-07-14 10:41:00,Traffic,67
TRK_0004,FLP-ORD-0190,Hub_1_Ahmedabad,2025-08-16 06:03:00,Traffic,96
TRK_0005,FLP-ORD-0021,Hub_1_Mumbai,2025-08-21 18:46:00,Technical Issue,37
TRK_0006,FLP-ORD-0246,Hub_2_Delhi,2025-07-20 00:13:00,None,0
TRK_0007,FLP-ORD-0061,Hub_4_Mumbai,2025-08-14 19:45:00,Traffic,40
TRK_0008,FLP-ORD-0283,Hub_3_Pune,2025-07-25 14:34:00,Technical Issue,49
TRK_0009,FLP-ORD-0134,Hub_3_Ahmedabad,2025-08-26 15:29:00,Traffic,102
TRK_0010,FLP-ORD-0241,Hub_3_Mumbai,2025-07-24 10:26:00,Traffic,120
TRK_0011,FLP-ORD-0114,Hub_2_Bengaluru,2025-07-17 17:59:00,Weather,102
TRK_0012,FLP-ORD-0214,Hub_3_Chennai,2025-07-13 10:14:00,Traffic,116
TRK_0013,FLP-ORD-0126,Hub_4_Ahmedabad,2025-08-11 21:21:00,Traffic,115
TRK_0014,FLP-ORD-0251,Hub_4_Jaipur,2025-07-11 23:50:00,Traffic,27
TRK_0015,FLP-ORD-0280,Hub_4_Chennai,2025-08-28 17:41:00,None,0
TRK_0016,FLP-ORD-0269,Hub_1_Hyderabad,2025-08-30 21:03:00,None,0
TRK_0017,FLP-ORD-0212,Hub_2_Mumbai,2025-07-05 22:09:00,Traffic,74
TRK_0018,FLP-ORD-0234,Hub_3_Bengaluru,2025-08-09 20:42:00,None,0
TRK_0019,FLP-ORD-0248,Hub_4_Bengaluru,2025-07-01 17:35:00,Weather,12
TRK_0020,FLP-ORD-0272,Hub_3_Ahmedabad,2025-07-19 00:32:00,None,0
TRK_0021,FLP-ORD-0221,Hub_2_Hyderabad,2025-08-28 03:33:00,Traffic,34
TRK_0022,FLP-ORD-0270,Hub_3_Delhi,2025-07-18 12:05:00,Traffic,61
TRK_0023,FLP-ORD-0236,Hub_5_Mumbai,2025-08-14 07:19:00,Technical Issue,118
TRK_0024,FLP-ORD-0042,Hub_1_Hyderabad,2025-07-26 12:24:00,Weather,17
TRK_0025,FLP-ORD-0005,Hub_2_Hyderabad,2025-08-01 13:41:00,None,0
TRK_0026,FLP-ORD-0290,Hub_1_Ahmedabad,2025-08-28 01:14:00,Traffic,98
TRK_0027,FLP-ORD-0291,Hub_4_Pune,2025-07-03 02:43:00,None,0
TRK_0028,FLP-ORD-0279,Hub_5_Bengaluru,2025-07-12 10:01:00,None,0
TRK_0029,FLP-ORD-0074,Hub_4_Hyderabad,2025-07-20 05:36:00,Traffic,116
TRK_0030,FLP-ORD-0200,Hub_5_Delhi,2025-07-25 23:08:00,None,0
TRK_0031,FLP-ORD-0041,Hub_5_Delhi,2025-07-04 03:27:00,Traffic,19
TRK_0032,FLP-ORD-0175,Hub_5_Lucknow,2025-08-08 12:49:00,Traffic,91
TRK_0033,FLP-ORD-0140,Hub_4_Jaipur,2025-07-15 11:35:00,None,0
TRK_0034,FLP-ORD-0222,Hub_2_Lucknow,2025-08-12 12:05:00,None,0
TRK_0035,FLP-ORD-0152,Hub_2_Hyderabad,2025-07-06 08:09:00,Traffic,110
TRK_0036,FLP-ORD-0079,Hub_4_Delhi,2025-07-24 03:05:00,Traffic,49
TRK_0037,FLP-ORD-0228,Hub_3_Pune,2025-07-07 04:05:00,Traffic,67
TRK_0038,FLP-ORD-0286,Hub_5_Ahmedabad,2025-07-27 03:01:00,Traffic,80
TRK_0039,FLP-ORD-0048,Hub_5_Lucknow,2025-08-20 10:55:00,Traffic,47
TRK_0040,FLP-ORD-0212,Hub_4_Hyderabad,2025-08-16 17:57:00,None,0
TRK_0041,FLP-ORD-0125,Hub_5_Ahmedabad,2025-07-11 21:24:00,Traffic,44
TRK_0042,FLP-ORD-0155,Hub_3_Jaipur,2025-07-10 02:10:00,Weather,63
TRK_0043,FLP-ORD-0154,Hub_4_Hyderabad,2025-07-24 08:15:00,None,0
TRK_0044,FLP-ORD-0254,Hub_5_Lucknow,2025-07-13 14:06:00,Traffic,10
TRK_0045,FLP-ORD-0203,Hub_3_Lucknow,2025-07-25 10:28:00,Traffic,114
TRK_0046,FLP-ORD-0070,Hub_3_Delhi,2025-08-08 22:12:00,Weather,32
TRK_0047,FLP-ORD-0204,Hub_3_Pune,2025-08-17 22:40:00,Weather,83
TRK_0048,FLP-ORD-0125,Hub_3_Kolkata,2025-07-18 12:23:00,Traffic,82
TRK_0049,FLP-ORD-0103,Hub_5_Ahmedabad,2025-07-12 21:49:00,Weather,103
TRK_0050,FLP-ORD-0237,Hub_2_Jaipur,2025-08-21 09:53:00,Technical Issue,114
TRK_0051,FLP-ORD-0210,Hub_4_Chennai,2025-08-10 09:15:00,Traffic,29
TRK_0052,FLP-ORD-0217,Hub_4_Hyderabad,2025-07-29 19:30:00,Weather,78
TRK_0053,FLP-ORD-0260,Hub_4_Ahmedabad,2025-07-03 11:44:00,None,0
TRK_0054,FLP-ORD-0275,Hub_5_Hyderabad,2025-07-07 07:42:00,Technical Issue,31
TRK_0055,FLP-ORD-0023,Hub_5_Kolkata,2025-08-18 10:50:00,Weather,11
TRK_0056,FLP-ORD-0051,Hub_3_Mumbai,2025-08-02 23:33:00,Weather,98
TRK_0057,FLP-ORD-0295,Hub_2_Jaipur,2025-07-24 12:29:00,None,0
TRK_0058,FLP-ORD-0257,Hub_2_Delhi,2025-07-02 15:06:00,Traffic,20
TRK_0059,FLP-ORD-0060,Hub_2_Delhi,2025-07-20 10:29:00,None,0
TRK_0060,FLP-ORD-0267,Hub_4_Delhi,2025-07-31 03:28:00,None,0
TRK_0061,FLP-ORD-0232,Hub_3_Hyderabad,2025-07-20 01:51:00,None,0
TRK_0062,FLP-ORD-0012,Hub_3_Hyderabad,2025-08-13 05:59:00,None,0
TRK_0063,FLP-ORD-0125,Hub_5_Chennai,2025-08-05 05:21:00,Weather,69
TRK_0064,FLP-ORD-0119,Hub_4_Chennai,2025-07-12 20:42:00,Weather,13
TRK_0065,FLP-ORD-0102,Hub_4_Lucknow,2025-07-28 12:00:00,None,0
TRK_0066,FLP-ORD-0106,Hub_3_Hyderabad,2025-08-06 03:51:00,None,0
TRK_0067,FLP-ORD-0096,Hub_3_Delhi,2025-07-13 14:07:00,Traffic,120
TRK_0068,FLP-ORD-0251,Hub_5_Delhi,2025-08-08 12:39:00,Traffic,24
TRK_0069,FLP-ORD-0179,Hub_3_Jaipur,2025-08-09 05:52:00,Technical Issue,112
TRK_0070,FLP-ORD-0153,Hub_5_Lucknow,2025-07-06 21:08:00,Traffic,40
TRK_0071,FLP-ORD-0157,Hub_1_Chennai,2025-07-24 22:09:00,Weather,63
TRK_0072,FLP-ORD-0071,Hub_5_Kolkata,2025-07-28 05:31:00,Technical Issue,98
TRK_0073,FLP-ORD-0089,Hub_5_Chennai,2025-08-01 09:08:00,Traffic,117
TRK_0074,FLP-ORD-0231,Hub_5_Bengaluru,2025-08-25 11:00:00,Weather,34
TRK_0075,FLP-ORD-0197,Hub_5_Ahmedabad,2025-08-11 15:26:00,Technical Issue,63
TRK_0076,FLP-ORD-0228,Hub_4_Chennai,2025-07-06 18:01:00,None,0
TRK_0077,FLP-ORD-0113,Hub_3_Bengaluru,2025-07-18 07:34:00,Traffic,109
TRK_0078,FLP-ORD-0235,Hub_5_Jaipur,2025-08-05 16:07:00,Weather,44
TRK_0079,FLP-ORD-0279,Hub_3_Ahmedabad,2025-08-22 01:48:00,None,0
TRK_0080,FLP-ORD-0280,Hub_2_Kolkata,2025-07-07 23:53:00,Technical Issue,41
TRK_0081,FLP-ORD-0153,Hub_1_Jaipur,2025-07-17 11:55:00,None,0
TRK_0082,FLP-ORD-0225,Hub_1_Mumbai,2025-07-14 23:37:00,Technical Issue,120
TRK_0083,FLP-ORD-0220,Hub_2_Lucknow,2025-07-09 06:52:00,Traffic,17
TRK_0084,FLP-ORD-0292,Hub_3_Ahmedabad,2025-07-18 19:34:00,Traffic,100
TRK_0085,FLP-ORD-0150,Hub_3_Lucknow,2025-07-18 16:57:00,Technical Issue,22
TRK_0086,FLP-ORD-0070,Hub_4_Bengaluru,2025-07-18 20:08:00,None,0
TRK_0087,FLP-ORD-0068,Hub_2_Chennai,2025-08-15 10:53:00,Traffic,117
TRK_0088,FLP-ORD-0202,Hub_4_Chennai,2025-08-06 20:17:00,Technical Issue,58
TRK_0089,FLP-ORD-0232,Hub_1_Hyderabad,2025-07-26 16:47:00,Traffic,57
TRK_0090,FLP-ORD-0233,Hub_4_Delhi,2025-08-07 00:55:00,None,0
TRK_0091,FLP-ORD-0048,Hub_4_Delhi,2025-08-24 02:50:00,Weather,37
TRK_0092,FLP-ORD-0220,Hub_2_Jaipur,2025-07-18 10:53:00,Traffic,80
TRK_0093,FLP-ORD-0296,Hub_2_Lucknow,2025-08-24 15:50:00,Traffic,97
TRK_0094,FLP-ORD-0025,Hub_1_Hyderabad,2025-08-10 14:01:00,Traffic,119
TRK_0095,FLP-ORD-0081,Hub_4_Jaipur,2025-07-01 13:12:00,None,0
TRK_0096,FLP-ORD-0068,Hub_3_Chennai,2025-08-25 08:05:00,Technical Issue,42
TRK_0097,FLP-ORD-0043,Hub_3_Chennai,2025-07-04 12:40:00,Traffic,99
TRK_0098,FLP-ORD-0120,Hub_4_Hyderabad,2025-08-15 03:00:00,Traffic,19
TRK_0099,FLP-ORD-0068,Hub_5_Mumbai,2025-08-03 21:28:00,Traffic,99
TRK_0100,FLP-ORD-0176,Hub_1_Kolkata,2025-08-14 04:30:00,Traffic,59
TRK_0101,FLP-ORD-0046,Hub_1_Hyderabad,2025-07-21 11:56:00,Traffic,58
TRK_0102,FLP-ORD-0069,Hub_2_Hyderabad,2025-08-03 18:00:00,Technical Issue,31
TRK_0103,FLP-ORD-0226,Hub_3_Mumbai,2025-08-10 23:09:00,None,0
TRK_0104,FLP-ORD-0227,Hub_2_Hyderabad,2025-08-27 03:08:00,None,0
TRK_0105,FLP-ORD-0197,Hub_3_Kolkata,2025-07-21 04:15:00,Traffic,20
TRK_0106,FLP-ORD-0128,Hub_5_Lucknow,2025-08-08 23:38:00,Traffic,98
TRK_0107,FLP-ORD-0014,Hub_3_Mumbai,2025-08-03 19:32:00,Traffic,60
TRK_0108,FLP-ORD-0152,Hub_1_Mumbai,2025-08-01 12:07:00,Traffic,91
TRK_0109,FLP-ORD-0037,Hub_5_Bengaluru,2025-07-24 10:08:00,Traffic,117
TRK_0110,FLP-ORD-0292,Hub_4_Delhi,2025-08-04 21:11:00,None,0
TRK_0111,FLP-ORD-0038,Hub_1_Lucknow,2025-07-05 00:16:00,Traffic,17
TRK_0112,FLP-ORD-0204,Hub_5_Pune,2025-08-10 22:32:00,None,0
TRK_0113,FLP-ORD-0217,Hub_4_Hyderabad,2025-08-10 17:34:00,Technical Issue,45
TRK_0114,FLP-ORD-0043,Hub_3_Hyderabad,2025-08-02 06:51:00,Traffic,51
TRK_0115,FLP-ORD-0201,Hub_5_Hyderabad,2025-07-20 22:27:00,None,0
TRK_0116,FLP-ORD-0123,Hub_1_Mumbai,2025-07-06 13:07:00,Weather,87
TRK_0117,FLP-ORD-0029,Hub_3_Chennai,2025-07-08 00:45:00,Traffic,11
TRK_0118,FLP-ORD-0084,Hub_4_Delhi,2025-08-03 16:50:00,None,0
TRK_0119,FLP-ORD-0133,Hub_2_Delhi,2025-07-09 23:49:00,None,0
TRK_0120,FLP-ORD-0061,Hub_1_Delhi,2025-08-21 13:17:00,Weather,43
TRK_0121,FLP-ORD-0296,Hub_1_Jaipur,2025-07-30 16:23:00,Traffic,119
TRK_0122,FLP-ORD-0291,Hub_2_Delhi,2025-07-11 08:49:00,Traffic,83
TRK_0123,FLP-ORD-0060,Hub_2_Ahmedabad,2025-07-01 01:54:00,None,0
TRK_0124,FLP-ORD-0126,Hub_1_Jaipur,2025-07-24 12:58:00,Traffic,119
TRK_0125,FLP-ORD-0019,Hub_5_Kolkata,2025-07-15 10:15:00,Weather,102
TRK_0126,FLP-ORD-0164,Hub_3_Hyderabad,2025-08-06 11:07:00,Weather,16
TRK_0127,FLP-ORD-0092,Hub_2_Ahmedabad,2025-07-03 12:04:00,None,0
TRK_0128,FLP-ORD-0145,Hub_3_Delhi,2025-07-06 17:29:00,Traffic,35
TRK_0129,FLP-ORD-0150,Hub_5_Pune,2025-08-17 19:15:00,Weather,85
TRK_0130,FLP-ORD-0253,Hub_2_Ahmedabad,2025-08-18 07:09:00,Traffic,62
TRK_0131,FLP-ORD-0013,Hub_2_Ahmedabad,2025-07-23 20:53:00,Technical Issue,11
TRK_0132,FLP-ORD-0172,Hub_1_Kolkata,2025-08-24 23:46:00,Traffic,36
TRK_0133,FLP-ORD-0272,Hub_2_Kolkata,2025-08-01 01:09:00,None,0
TRK_0134,FLP-ORD-0048,Hub_1_Mumbai,2025-08-27 16:26:00,None,0
TRK_0135,FLP-ORD-0191,Hub_4_Hyderabad,2025-08-07 03:32:00,Traffic,114
TRK_0136,FLP-ORD-0202,Hub_1_Lucknow,2025-08-06 01:27:00,Technical Issue,26
TRK_0137,FLP-ORD-0122,Hub_3_Pune,2025-08-24 10:59:00,None,0
TRK_0138,FLP-ORD-0168,Hub_3_Jaipur,2025-07-18 07:04:00,None,0
TRK_0139,FLP-ORD-0070,Hub_5_Hyderabad,2025-07-10 03:10:00,Weather,50
TRK_0140,FLP-ORD-0209,Hub_1_Ahmedabad,2025-07-23 06:28:00,Traffic,43
TRK_0141,FLP-ORD-0062,Hub_1_Chennai,2025-08-21 21:19:00,None,0
TRK_0142,FLP-ORD-0021,Hub_2_Delhi,2025-07-10 02:45:00,Traffic,55
TRK_0143,FLP-ORD-0203,Hub_5_Bengaluru,2025-08-13 09:16:00,None,0
TRK_0144,FLP-ORD-0090,Hub_1_Kolkata,2025-08-24 14:35:00,None,0
TRK_0145,FLP-ORD-0128,Hub_1_Jaipur,2025-07-07 04:07:00,Traffic,116
TRK_0146,FLP-ORD-0114,Hub_2_Mumbai,2025-08-22 12:23:00,Technical Issue,92
TRK_0147,FLP-ORD-0044,Hub_5_Lucknow,2025-07-17 02:01:00,None,0
TRK_0148,FLP-ORD-0102,Hub_4_Chennai,2025-07-06 10:07:00,Traffic,69
TRK_0149,FLP-ORD-0026,Hub_2_Lucknow,2025-07-28 23:25:00,Weather,58
TRK_0150,FLP-ORD-0219,Hub_2_Delhi,2025-07-14 05:17:00,Traffic,29
TRK_0151,FLP-ORD-0018,Hub_5_Lucknow,2025-08-09 07:41:00,Traffic,62
TRK_0152,FLP-ORD-0282,Hub_4_Bengaluru,2025-07-06 08:24:00,Traffic,35
TRK_0153,FLP-ORD-0270,Hub_2_Ahmedabad,2025-08-20 00:24:00,None,0
TRK_0154,FLP-ORD-0184,Hub_4_Ahmedabad,2025-08-20 15:22:00,None,0
TRK_0155,FLP-ORD-0258,Hub_3_Kolkata,2025-07-18 05:01:00,Traffic,38
TRK_0156,FLP-ORD-0016,Hub_3_Bengaluru,2025-08-21 15:33:00,Traffic,84
TRK_0157,FLP-ORD-0120,Hub_2_Hyderabad,2025-07-16 21:15:00,Traffic,114
TRK_0158,FLP-ORD-0029,Hub_2_Lucknow,2025-08-24 12:22:00,None,0
TRK_0159,FLP-ORD-0089,Hub_2_Mumbai,2025-08-07 10:51:00,None,0
TRK_0160,FLP-ORD-0184,Hub_5_Bengaluru,2025-08-15 22:22:00,None,0
TRK_0161,FLP-ORD-0289,Hub_2_Lucknow,2025-08-30 06:53:00,None,0
TRK_0162,FLP-ORD-0253,Hub_5_Pune,2025-07-12 15:02:00,Traffic,39
TRK_0163,FLP-ORD-0113,Hub_1_Ahmedabad,2025-07-31 00:21:00,None,0
TRK_0164,FLP-ORD-0104,Hub_2_Delhi,2025-08-15 05:58:00,None,0
TRK_0165,FLP-ORD-0166,Hub_1_Bengaluru,2025-07-10 18:45:00,None,0
TRK_0166,FLP-ORD-0057,Hub_5_Delhi,2025-07-05 11:45:00,None,0
TRK_0167,FLP-ORD-0203,Hub_5_Hyderabad,2025-07-22 09:20:00,Traffic,30
TRK_0168,FLP-ORD-0224,Hub_4_Delhi,2025-07-12 22:35:00,Technical Issue,88
TRK_0169,FLP-ORD-0183,Hub_2_Lucknow,2025-08-22 05:24:00,Traffic,98
TRK_0170,FLP-ORD-0151,Hub_2_Chennai,2025-08-16 00:44:00,None,0
TRK_0171,FLP-ORD-0201,Hub_5_Bengaluru,2025-07-12 19:20:00,None,0
TRK_0172,FLP-ORD-0114,Hub_5_Hyderabad,2025-08-29 15:09:00,Traffic,19
TRK_0173,FLP-ORD-0122,Hub_3_Delhi,2025-07-11 20:56:00,None,0
TRK_0174,FLP-ORD-0172,Hub_4_Bengaluru,2025-07-17 06:15:00,Technical Issue,54
TRK_0175,FLP-ORD-0132,Hub_1_Bengaluru,2025-07-04 12:28:00,None,0
TRK_0176,FLP-ORD-0086,Hub_4_Jaipur,2025-08-26 12:22:00,Weather,22
TRK_0177,FLP-ORD-0246,Hub_5_Mumbai,2025-07-11 14:04:00,None,0
TRK_0178,FLP-ORD-0018,Hub_3_Bengaluru,2025-07-21 08:06:00,Traffic,31
TRK_0179,FLP-ORD-0193,Hub_2_Hyderabad,2025-08-05 02:21:00,Weather,88
TRK_0180,FLP-ORD-0248,Hub_1_Kolkata,2025-08-30 20:10:00,Technical Issue,65
TRK_0181,FLP-ORD-0081,Hub_1_Hyderabad,2025-07-22 06:12:00,Weather,80
TRK_0182,FLP-ORD-0277,Hub_3_Pune,2025-07-20 07:06:00,Traffic,83
TRK_0183,FLP-ORD-0282,Hub_4_Chennai,2025-07-04 11:00:00,Weather,47
TRK_0184,FLP-ORD-0246,Hub_2_Hyderabad,2025-07-02 06:10:00,Technical Issue,20
TRK_0185,FLP-ORD-0243,Hub_1_Pune,2025-08-20 12:30:00,Weather,94
TRK_0186,FLP-ORD-0136,Hub_1_Ahmedabad,2025-07-25 05:23:00,None,0
TRK_0187,FLP-ORD-0190,Hub_2_Jaipur,2025-07-03 08:28:00,Weather,38
TRK_0188,FLP-ORD-0138,Hub_5_Bengaluru,2025-07-10 22:42:00,Traffic,95
TRK_0189,FLP-ORD-0177,Hub_5_Kolkata,2025-08-18 18:14:00,Weather,117
TRK_0190,FLP-ORD-0199,Hub_5_Kolkata,2025-08-04 21:55:00,None,0
TRK_0191,FLP-ORD-0294,Hub_2_Jaipur,2025-07-20 02:25:00,None,0
TRK_0192,FLP-ORD-0018,Hub_5_Lucknow,2025-08-27 16:51:00,Weather,89
TRK_0193,FLP-ORD-0076,Hub_1_Jaipur,2025-07-12 05:13:00,None,0
TRK_0194,FLP-ORD-0065,Hub_1_Kolkata,2025-07-06 21:27:00,Traffic,115
TRK_0195,FLP-ORD-0076,Hub_5_Pune,2025-07-21 23:58:00,None,0
TRK_0196,FLP-ORD-0045,Hub_4_Ahmedabad,2025-07-26 17:20:00,None,0
TRK_0197,FLP-ORD-0267,Hub_4_Bengaluru,2025-08-20 22:39:00,Weather,110
TRK_0198,FLP-ORD-0215,Hub_1_Kolkata,2025-07-10 04:36:00,Weather,107
TRK_0199,FLP-ORD-0052,Hub_1_Lucknow,2025-08-19 03:50:00,Traffic,78
TRK_0200,FLP-ORD-0177,Hub_4_Pune,2025-07-25 20:31:00,Weather,70
TRK_0201,FLP-ORD-0020,Hub_2_Pune,2025-07-26 04:39:00,Technical Issue,98
TRK_0202,FLP-ORD-0206,Hub_1_Kolkata,2025-08-26 10:44:00,Traffic,105
TRK_0203,FLP-ORD-0244,Hub_3_Delhi,2025-07-02 10:52:00,None,0
TRK_0204,FLP-ORD-0160,Hub_3_Jaipur,2025-08-24 22:43:00,Traffic,39
TRK_0205,FLP-ORD-0069,Hub_3_Jaipur,2025-08-19 10:17:00,None,0
TRK_0206,FLP-ORD-0046,Hub_2_Jaipur,2025-07-14 13:47:00,Weather,76
TRK_0207,FLP-ORD-0192,Hub_1_Ahmedabad,2025-08-20 05:04:00,Traffic,74
TRK_0208,FLP-ORD-0207,Hub_2_Ahmedabad,2025-08-26 18:01:00,Traffic,116
TRK_0209,FLP-ORD-0103,Hub_1_Mumbai,2025-07-03 14:03:00,None,0
TRK_0210,FLP-ORD-0102,Hub_3_Delhi,2025-08-22 14:32:00,Traffic,25
TRK_0211,FLP-ORD-0016,Hub_2_Delhi,2025-08-01 19:28:00,Traffic,70
TRK_0212,FLP-ORD-0283,Hub_3_Delhi,2025-07-11 08:47:00,None,0
TRK_0213,FLP-ORD-0047,Hub_3_Bengaluru,2025-07-25 01:10:00,None,0
TRK_0214,FLP-ORD-0110,Hub_2_Mumbai,2025-08-13 06:17:00,Technical Issue,75
TRK_0215,FLP-ORD-0011,Hub_1_Jaipur,2025-08-28 04:41:00,Traffic,112
TRK_0216,FLP-ORD-0005,Hub_2_Pune,2025-08-08 09:45:00,None,0
TRK_0217,FLP-ORD-0141,Hub_4_Kolkata,2025-08-24 11:29:00,Traffic,69
TRK_0218,FLP-ORD-0155,Hub_5_Lucknow,2025-07-26 18:06:00,Traffic,94
TRK_0219,FLP-ORD-0192,Hub_5_Lucknow,2025-08-08 09:19:00,Technical Issue,71
TRK_0220,FLP-ORD-0033,Hub_3_Pune,2025-08-10 10:55:00,Traffic,93
TRK_0221,FLP-ORD-0153,Hub_2_Chennai,2025-08-03 07:57:00,Traffic,119
TRK_0222,FLP-ORD-0207,Hub_3_Chennai,2025-08-16 00:41:00,Weather,47
TRK_0223,FLP-ORD-0133,Hub_4_Kolkata,2025-07-25 23:02:00,Weather,83
TRK_0224,FLP-ORD-0098,Hub_3_Mumbai,2025-08-13 17:40:00,None,0
TRK_0225,FLP-ORD-0184,Hub_5_Pune,2025-08-24 05:53:00,Technical Issue,81
TRK_0226,FLP-ORD-0093,Hub_3_Hyderabad,2025-07-31 04:47:00,Traffic,113
TRK_0227,FLP-ORD-0287,Hub_2_Delhi,2025-08-11 02:14:00,Traffic,105
TRK_0228,FLP-ORD-0158,Hub_4_Delhi,2025-07-24 08:37:00,Traffic,118
TRK_0229,FLP-ORD-0061,Hub_4_Bengaluru,2025-08-25 20:37:00,Weather,89
TRK_0230,FLP-ORD-0037,Hub_4_Mumbai,2025-08-02 03:55:00,Technical Issue,77
TRK_0231,FLP-ORD-0153,Hub_4_Bengaluru,2025-08-25 04:08:00,None,0
TRK_0232,FLP-ORD-0176,Hub_4_Lucknow,2025-08-27 14:09:00,Traffic,101
TRK_0233,FLP-ORD-0093,Hub_1_Jaipur,2025-07-22 20:11:00,Traffic,17
TRK_0234,FLP-ORD-0003,Hub_4_Pune,2025-07-14 05:36:00,None,0
TRK_0235,FLP-ORD-0251,Hub_1_Chennai,2025-08-09 13:40:00,Weather,64
TRK_0236,FLP-ORD-0245,Hub_4_Bengaluru,2025-07-03 17:12:00,None,0
TRK_0237,FLP-ORD-0008,Hub_3_Ahmedabad,2025-07-13 00:43:00,Traffic,103
TRK_0238,FLP-ORD-0128,Hub_2_Delhi,2025-07-20 04:06:00,Traffic,85
TRK_0239,FLP-ORD-0157,Hub_2_Hyderabad,2025-08-22 01:19:00,None,0
TRK_0240,FLP-ORD-0234,Hub_5_Lucknow,2025-08-03 10:27:00,None,0
TRK_0241,FLP-ORD-0069,Hub_3_Jaipur,2025-07-23 06:10:00,None,0
TRK_0242,FLP-ORD-0207,Hub_1_Mumbai,2025-07-15 23:08:00,Traffic,12
TRK_0243,FLP-ORD-0259,Hub_2_Hyderabad,2025-07-24 22:41:00,None,0
TRK_0244,FLP-ORD-0193,Hub_3_Ahmedabad,2025-08-09 01:38:00,None,0
TRK_0245,FLP-ORD-0056,Hub_1_Bengaluru,2025-08-14 03:26:00,Weather,25
TRK_0246,FLP-ORD-0281,Hub_3_Jaipur,2025-08-14 04:13:00,Technical Issue,90
TRK_0247,FLP-ORD-0005,Hub_3_Kolkata,2025-08-12 03:42:00,Weather,89
TRK_0248,FLP-ORD-0071,Hub_4_Hyderabad,2025-08-02 23:39:00,Traffic,24
TRK_0249,FLP-ORD-0055,Hub_4_Mumbai,2025-08-08 06:49:00,Traffic,76
TRK_0250,FLP-ORD-0104,Hub_3_Kolkata,2025-07-19 05:02:00,Weather,36
TRK_0251,FLP-ORD-0247,Hub_3_Mumbai,2025-07-01 00:42:00,Traffic,24
TRK_0252,FLP-ORD-0294,Hub_4_Chennai,2025-08-30 02:49:00,Weather,102
TRK_0253,FLP-ORD-0052,Hub_3_Mumbai,2025-07-30 09:16:00,Weather,22
TRK_0254,FLP-ORD-0090,Hub_1_Pune,2025-07-24 21:20:00,Weather,24
TRK_0255,FLP-ORD-0049,Hub_1_Bengaluru,2025-08-24 04:42:00,Technical Issue,52
TRK_0256,FLP-ORD-0184,Hub_4_Lucknow,2025-07-18 23:05:00,Traffic,53
TRK_0257,FLP-ORD-0094,Hub_1_Kolkata,2025-07-26 14:17:00,None,0
TRK_0258,FLP-ORD-0245,Hub_4_Chennai,2025-07-08 04:44:00,None,0
TRK_0259,FLP-ORD-0082,Hub_1_Kolkata,2025-08-28 18:30:00,None,0
TRK_0260,FLP-ORD-0225,Hub_2_Lucknow,2025-07-25 11:39:00,Traffic,97
TRK_0261,FLP-ORD-0067,Hub_4_Jaipur,2025-07-08 13:28:00,Traffic,43
TRK_0262,FLP-ORD-0161,Hub_1_Ahmedabad,2025-08-19 23:36:00,None,0
TRK_0263,FLP-ORD-0115,Hub_3_Ahmedabad,2025-08-03 22:44:00,Technical Issue,65
TRK_0264,FLP-ORD-0128,Hub_4_Delhi,2025-08-12 21:41:00,Traffic,117
TRK_0265,FLP-ORD-0286,Hub_5_Bengaluru,2025-07-01 20:59:00,Traffic,118
TRK_0266,FLP-ORD-0241,Hub_4_Chennai,2025-07-05 15:20:00,Traffic,45
TRK_0267,FLP-ORD-0026,Hub_5_Mumbai,2025-08-05 20:24:00,Weather,40
TRK_0268,FLP-ORD-0041,Hub_4_Jaipur,2025-08-21 18:28:00,Traffic,73
TRK_0269,FLP-ORD-0229,Hub_3_Hyderabad,2025-08-01 23:41:00,Traffic,61
TRK_0270,FLP-ORD-0212,Hub_1_Ahmedabad,2025-08-05 00:52:00,Traffic,87
TRK_0271,FLP-ORD-0156,Hub_5_Ahmedabad,2025-07-14 20:42:00,Weather,53
TRK_0272,FLP-ORD-0187,Hub_1_Mumbai,2025-08-24 14:21:00,Weather,89
TRK_0273,FLP-ORD-0243,Hub_3_Jaipur,2025-07-08 03:48:00,Technical Issue,10
TRK_0274,FLP-ORD-0175,Hub_3_Pune,2025-08-05 16:23:00,None,0
TRK_0275,FLP-ORD-0024,Hub_2_Jaipur,2025-07-09 22:47:00,None,0
TRK_0276,FLP-ORD-0055,Hub_3_Lucknow,2025-07-13 06:07:00,None,0
TRK_0277,FLP-ORD-0202,Hub_2_Jaipur,2025-08-22 06:45:00,Traffic,106
TRK_0278,FLP-ORD-0213,Hub_1_Lucknow,2025-07-08 14:29:00,Technical Issue,74
TRK_0279,FLP-ORD-0069,Hub_4_Bengaluru,2025-08-03 23:03:00,Weather,65
TRK_0280,FLP-ORD-0300,Hub_4_Ahmedabad,2025-08-19 05:44:00,Weather,103
TRK_0281,FLP-ORD-0066,Hub_1_Kolkata,2025-08-12 19:38:00,None,0
TRK_0282,FLP-ORD-0259,Hub_4_Kolkata,2025-08-08 22:48:00,Traffic,60
TRK_0283,FLP-ORD-0176,Hub_3_Jaipur,2025-08-21 04:08:00,Weather,99
TRK_0284,FLP-ORD-0263,Hub_3_Ahmedabad,2025-08-25 10:45:00,None,0
TRK_0285,FLP-ORD-0284,Hub_2_Mumbai,2025-07-14 19:45:00,Traffic,54
TRK_0286,FLP-ORD-0068,Hub_2_Ahmedabad,2025-08-04 22:40:00,Traffic,24
TRK_0287,FLP-ORD-0181,Hub_5_Jaipur,2025-08-07 18:42:00,None,0
TRK_0288,FLP-ORD-0274,Hub_3_Kolkata,2025-08-21 00:33:00,Traffic,58
TRK_0289,FLP-ORD-0075,Hub_1_Bengaluru,2025-07-13 08:48:00,None,0
TRK_0290,FLP-ORD-0147,Hub_3_Chennai,2025-08-23 01:44:00,None,0
TRK_0291,FLP-ORD-0105,Hub_5_Bengaluru,2025-07-23 14:06:00,Technical Issue,96
TRK_0292,FLP-ORD-0288,Hub_2_Ahmedabad,2025-07-25 07:32:00,None,0
TRK_0293,FLP-ORD-0148,Hub_1_Kolkata,2025-07-25 13:50:00,None,0
TRK_0294,FLP-ORD-0161,Hub_5_Bengaluru,2025-07-01 23:16:00,Traffic,109
TRK_0295,FLP-ORD-0227,Hub_2_Delhi,2025-08-18 18:34:00,None,0
TRK_0296,FLP-ORD-0101,Hub_2_Pune,2025-07-29 05:43:00,Traffic,32
TRK_0297,FLP-ORD-0264,Hub_1_Kolkata,2025-07-03 13:17:00,Weather,26
TRK_0298,FLP-ORD-0083,Hub_5_Pune,2025-07-01 10:29:00,None,0
TRK_0299,FLP-ORD-0080,Hub_1_Chennai,2025-08-29 10:38:00,Traffic,90
TRK_0300,FLP-ORD-0155,Hub_4_Lucknow,2025-08-05 11:04:00,None,0
TRK_0301,FLP-ORD-0163,Hub_5_Mumbai,2025-07-12 16:04:00,None,0
TRK_0302,FLP-ORD-0082,Hub_4_Ahmedabad,2025-08-04 12:05:00,Traffic,37
TRK_0303,FLP-ORD-0170,Hub_3_Delhi,2025-07-19 06:48:00,Technical Issue,70
TRK_0304,FLP-ORD-0288,Hub_1_Hyderabad,2025-08-12 11:28:00,Traffic,92
TRK_0305,FLP-ORD-0125,Hub_1_Delhi,2025-07-25 03:24:00,Traffic,102
TRK_0306,FLP-ORD-0145,Hub_1_Ahmedabad,2025-08-22 11:32:00,None,0
TRK_0307,FLP-ORD-0229,Hub_4_Bengaluru,2025-07-19 20:12:00,Traffic,20
TRK_0308,FLP-ORD-0050,Hub_2_Ahmedabad,2025-08-04 00:40:00,Traffic,95
TRK_0309,FLP-ORD-0110,Hub_4_Hyderabad,2025-07-14 17:53:00,None,0
TRK_0310,FLP-ORD-0223,Hub_1_Chennai,2025-07-02 14:45:00,Traffic,21
TRK_0311,FLP-ORD-0038,Hub_1_Chennai,2025-08-20 08:35:00,Traffic,115
TRK_0312,FLP-ORD-0117,Hub_3_Kolkata,2025-07-25 14:40:00,Weather,50
TRK_0313,FLP-ORD-0009,Hub_4_Hyderabad,2025-08-04 00:41:00,None,0
TRK_0314,FLP-ORD-0033,Hub_5_Bengaluru,2025-08-14 02:22:00,None,0
TRK_0315,FLP-ORD-0055,Hub_3_Pune,2025-08-08 02:18:00,None,0
TRK_0316,FLP-ORD-0225,Hub_4_Kolkata,2025-08-22 21:01:00,Weather,78
TRK_0317,FLP-ORD-0113,Hub_2_Kolkata,2025-08-20 17:18:00,None,0
TRK_0318,FLP-ORD-0074,Hub_3_Delhi,2025-08-30 00:35:00,None,0
TRK_0319,FLP-ORD-0073,Hub_1_Bengaluru,2025-07-01 18:38:00,Traffic,80
TRK_0320,FLP-ORD-0044,Hub_3_Mumbai,2025-08-17 23:57:00,None,0
TRK_0321,FLP-ORD-0109,Hub_4_Ahmedabad,2025-07-10 05:11:00,Traffic,116
TRK_0322,FLP-ORD-0130,Hub_2_Hyderabad,2025-07-12 21:51:00,Weather,16
TRK_0323,FLP-ORD-0282,Hub_4_Ahmedabad,2025-07-05 09:42:00,Traffic,22
TRK_0324,FLP-ORD-0102,Hub_5_Jaipur,2025-08-30 10:22:00,Traffic,93
TRK_0325,FLP-ORD-0121,Hub_1_Pune,2025-08-09 02:57:00,Traffic,72
TRK_0326,FLP-ORD-0231,Hub_3_Lucknow,2025-08-12 09:44:00,Weather,82
TRK_0327,FLP-ORD-0291,Hub_3_Delhi,2025-07-28 05:00:00,Traffic,110
TRK_0328,FLP-ORD-0114,Hub_4_Pune,2025-08-23 11:08:00,Technical Issue,52
TRK_0329,FLP-ORD-0246,Hub_4_Jaipur,2025-07-23 09:31:00,Weather,32
TRK_0330,FLP-ORD-0042,Hub_3_Chennai,2025-08-27 17:12:00,Traffic,90
TRK_0331,FLP-ORD-0040,Hub_1_Bengaluru,2025-08-24 16:40:00,Traffic,84
TRK_0332,FLP-ORD-0297,Hub_4_Lucknow,2025-07-14 01:35:00,Traffic,79
TRK_0333,FLP-ORD-0242,Hub_2_Delhi,2025-07-26 07:57:00,None,0
TRK_0334,FLP-ORD-0149,Hub_2_Jaipur,2025-08-02 16:05:00,Traffic,74
TRK_0335,FLP-ORD-0006,Hub_2_Lucknow,2025-08-13 05:48:00,Weather,67
TRK_0336,FLP-ORD-0082,Hub_2_Lucknow,2025-08-30 18:42:00,None,0
TRK_0337,FLP-ORD-0075,Hub_4_Delhi,2025-07-03 07:48:00,Weather,18
TRK_0338,FLP-ORD-0136,Hub_3_Mumbai,2025-07-03 21:13:00,Weather,111
TRK_0339,FLP-ORD-0185,Hub_4_Jaipur,2025-08-28 14:56:00,Traffic,93
TRK_0340,FLP-ORD-0166,Hub_1_Ahmedabad,2025-08-10 08:53:00,None,0
TRK_0341,FLP-ORD-0297,Hub_5_Lucknow,2025-07-12 12:41:00,Traffic,85
TRK_0342,FLP-ORD-0040,Hub_5_Pune,2025-07-25 07:33:00,Weather,114
TRK_0343,FLP-ORD-0177,Hub_4_Jaipur,2025-08-26 19:00:00,Weather,27
TRK_0344,FLP-ORD-0226,Hub_2_Mumbai,2025-07-05 16:41:00,Traffic,29
TRK_0345,FLP-ORD-0096,Hub_2_Delhi,2025-08-08 22:52:00,Traffic,39
TRK_0346,FLP-ORD-0213,Hub_3_Hyderabad,2025-07-31 21:30:00,Weather,85
TRK_0347,FLP-ORD-0083,Hub_4_Bengaluru,2025-07-16 01:08:00,Weather,30
TRK_0348,FLP-ORD-0069,Hub_5_Bengaluru,2025-08-27 18:09:00,Traffic,43
TRK_0349,FLP-ORD-0093,Hub_5_Kolkata,2025-08-08 18:40:00,Traffic,102
TRK_0350,FLP-ORD-0146,Hub_1_Mumbai,2025-07-29 19:30:00,None,0
TRK_0351,FLP-ORD-0088,Hub_2_Kolkata,2025-08-08 04:50:00,Weather,108
TRK_0352,FLP-ORD-0094,Hub_5_Ahmedabad,2025-07-17 05:46:00,Technical Issue,68
TRK_0353,FLP-ORD-0036,Hub_2_Kolkata,2025-07-25 04:06:00,Traffic,76
TRK_0354,FLP-ORD-0259,Hub_4_Chennai,2025-08-08 03:11:00,Weather,88
TRK_0355,FLP-ORD-0020,Hub_5_Ahmedabad,2025-08-18 03:05:00,Weather,26
TRK_0356,FLP-ORD-0277,Hub_1_Kolkata,2025-08-03 13:23:00,None,0
TRK_0357,FLP-ORD-0272,Hub_4_Mumbai,2025-08-30 15:50:00,None,0
TRK_0358,FLP-ORD-0180,Hub_5_Lucknow,2025-07-07 13:08:00,Traffic,108
TRK_0359,FLP-ORD-0120,Hub_1_Pune,2025-08-08 17:26:00,Traffic,10
TRK_0360,FLP-ORD-0004,Hub_5_Ahmedabad,2025-07-08 16:00:00,Traffic,36
TRK_0361,FLP-ORD-0162,Hub_4_Delhi,2025-07-07 04:27:00,Technical Issue,42
TRK_0362,FLP-ORD-0134,Hub_5_Kolkata,2025-08-06 11:39:00,Traffic,97
TRK_0363,FLP-ORD-0204,Hub_2_Kolkata,2025-08-05 17:30:00,Traffic,81
TRK_0364,FLP-ORD-0285,Hub_4_Pune,2025-07-20 18:22:00,None,0
TRK_0365,FLP-ORD-0204,Hub_2_Hyderabad,2025-08-17 07:28:00,None,0
TRK_0366,FLP-ORD-0083,Hub_1_Mumbai,2025-08-02 12:50:00,Traffic,80
TRK_0367,FLP-ORD-0027,Hub_2_Kolkata,2025-08-10 00:51:00,Traffic,28
TRK_0368,FLP-ORD-0242,Hub_5_Kolkata,2025-07-06 02:16:00,Traffic,20
TRK_0369,FLP-ORD-0020,Hub_4_Kolkata,2025-08-09 20:33:00,Traffic,86
TRK_0370,FLP-ORD-0030,Hub_2_Jaipur,2025-07-29 00:12:00,None,0
TRK_0371,FLP-ORD-0266,Hub_3_Mumbai,2025-07-03 19:32:00,Weather,39
TRK_0372,FLP-ORD-0087,Hub_1_Delhi,2025-07-16 20:00:00,None,0
TRK_0373,FLP-ORD-0045,Hub_3_Kolkata,2025-07-23 21:25:00,Weather,35
TRK_0374,FLP-ORD-0266,Hub_1_Hyderabad,2025-08-28 02:35:00,Traffic,116
TRK_0375,FLP-ORD-0287,Hub_5_Delhi,2025-07-23 08:14:00,Technical Issue,34
TRK_0376,FLP-ORD-0233,Hub_4_Lucknow,2025-07-01 08:11:00,Weather,23
TRK_0377,FLP-ORD-0287,Hub_1_Ahmedabad,2025-07-19 10:07:00,None,0
TRK_0378,FLP-ORD-0132,Hub_5_Lucknow,2025-07-17 22:28:00,None,0
TRK_0379,FLP-ORD-0289,Hub_4_Mumbai,2025-08-18 10:49:00,Weather,68
TRK_0380,FLP-ORD-0015,Hub_4_Hyderabad,2025-07-17 02:24:00,Technical Issue,38
TRK_0381,FLP-ORD-0118,Hub_3_Kolkata,2025-07-23 16:34:00,Traffic,116
TRK_0382,FLP-ORD-0135,Hub_2_Pune,2025-07-06 12:43:00,None,0
TRK_0383,FLP-ORD-0176,Hub_1_Ahmedabad,2025-08-29 05:30:00,Traffic,37
TRK_0384,FLP-ORD-0294,Hub_3_Chennai,2025-08-30 23:43:00,None,0
TRK_0385,FLP-ORD-0098,Hub_4_Mumbai,2025-07-16 23:15:00,None,0
TRK_0386,FLP-ORD-0106,Hub_2_Mumbai,2025-08-23 07:53:00,Technical Issue,29
TRK_0387,FLP-ORD-0055,Hub_1_Hyderabad,2025-08-13 21:31:00,Technical Issue,107
TRK_0388,FLP-ORD-0278,Hub_1_Jaipur,2025-07-24 19:20:00,Weather,83
TRK_0389,FLP-ORD-0141,Hub_4_Chennai,2025-08-18 16:17:00,Traffic,106
TRK_0390,FLP-ORD-0296,Hub_2_Bengaluru,2025-08-03 13:30:00,None,0
TRK_0391,FLP-ORD-0017,Hub_5_Delhi,2025-07-26 21:49:00,Traffic,25
TRK_0392,FLP-ORD-0266,Hub_4_Delhi,2025-08-14 00:00:00,Technical Issue,58
TRK_0393,FLP-ORD-0298,Hub_1_Delhi,2025-07-24 19:55:00,Traffic,80
TRK_0394,FLP-ORD-0135,Hub_2_Pune,2025-07-31 19:21:00,Traffic,73
TRK_0395,FLP-ORD-0218,Hub_2_Kolkata,2025-08-14 11:23:00,None,0
TRK_0396,FLP-ORD-0144,Hub_4_Chennai,2025-08-06 04:36:00,Technical Issue,114
TRK_0397,FLP-ORD-0052,Hub_3_Mumbai,2025-08-05 13:54:00,Traffic,28
TRK_0398,FLP-ORD-0077,Hub_4_Bengaluru,2025-07-12 13:31:00,Traffic,118
TRK_0399,FLP-ORD-0265,Hub_5_Delhi,2025-08-20 15:19:00,Traffic,119
TRK_0400,FLP-ORD-0291,Hub_1_Kolkata,2025-07-07 22:10:00,Traffic,114
TRK_0401,FLP-ORD-0131,Hub_4_Hyderabad,2025-07-29 23:21:00,Traffic,56
TRK_0402,FLP-ORD-0287,Hub_5_Pune,2025-07-23 00:26:00,Traffic,96
TRK_0403,FLP-ORD-0102,Hub_5_Lucknow,2025-08-11 20:34:00,Traffic,109
TRK_0404,FLP-ORD-0146,Hub_3_Delhi,2025-08-13 16:31:00,None,0
TRK_0405,FLP-ORD-0229,Hub_1_Kolkata,2025-08-09 09:29:00,Technical Issue,28
TRK_0406,FLP-ORD-0086,Hub_3_Kolkata,2025-08-10 19:36:00,Weather,19
TRK_0407,FLP-ORD-0041,Hub_2_Delhi,2025-07-15 10:20:00,Technical Issue,100
TRK_0408,FLP-ORD-0137,Hub_5_Kolkata,2025-07-18 14:49:00,None,0
TRK_0409,FLP-ORD-0186,Hub_5_Ahmedabad,2025-07-29 13:10:00,Traffic,12
TRK_0410,FLP-ORD-0065,Hub_2_Pune,2025-08-30 23:44:00,None,0
TRK_0411,FLP-ORD-0108,Hub_2_Kolkata,2025-07-07 03:04:00,None,0
TRK_0412,FLP-ORD-0243,Hub_5_Bengaluru,2025-07-02 12:33:00,None,0
TRK_0413,FLP-ORD-0043,Hub_1_Pune,2025-08-09 04:05:00,Technical Issue,59
TRK_0414,FLP-ORD-0159,Hub_2_Mumbai,2025-08-17 09:28:00,Technical Issue,26
TRK_0415,FLP-ORD-0270,Hub_2_Bengaluru,2025-07-03 21:22:00,None,0
TRK_0416,FLP-ORD-0167,Hub_4_Jaipur,2025-08-25 17:59:00,Traffic,66
TRK_0417,FLP-ORD-0070,Hub_5_Chennai,2025-08-07 19:29:00,Technical Issue,91
TRK_0418,FLP-ORD-0289,Hub_4_Ahmedabad,2025-08-10 20:34:00,Traffic,54
TRK_0419,FLP-ORD-0247,Hub_5_Mumbai,2025-08-21 02:28:00,Traffic,62
TRK_0420,FLP-ORD-0134,Hub_2_Pune,2025-07-01 00:33:00,None,0
TRK_0421,FLP-ORD-0070,Hub_3_Pune,2025-07-31 17:00:00,Technical Issue,72
TRK_0422,FLP-ORD-0245,Hub_3_Bengaluru,2025-08-19 13:51:00,Traffic,39
TRK_0423,FLP-ORD-0004,Hub_5_Delhi,2025-07-13 13:56:00,Weather,60
TRK_0424,FLP-ORD-0128,Hub_2_Kolkata,2025-08-23 12:14:00,Traffic,64
TRK_0425,FLP-ORD-0123,Hub_5_Lucknow,2025-08-21 22:43:00,Traffic,93
TRK_0426,FLP-ORD-0273,Hub_3_Kolkata,2025-07-13 02:11:00,Traffic,24
TRK_0427,FLP-ORD-0234,Hub_5_Jaipur,2025-07-18 22:39:00,Weather,51
TRK_0428,FLP-ORD-0010,Hub_2_Bengaluru,2025-08-04 00:11:00,None,0
TRK_0429,FLP-ORD-0145,Hub_3_Chennai,2025-08-15 14:46:00,Traffic,21
TRK_0430,FLP-ORD-0078,Hub_1_Jaipur,2025-07-14 10:26:00,Traffic,112
TRK_0431,FLP-ORD-0256,Hub_3_Jaipur,2025-08-14 01:21:00,Traffic,106
TRK_0432,FLP-ORD-0075,Hub_1_Pune,2025-08-19 12:04:00,Weather,33
TRK_0433,FLP-ORD-0099,Hub_3_Kolkata,2025-08-23 00:07:00,None,0
TRK_0434,FLP-ORD-0128,Hub_4_Jaipur,2025-07-16 23:02:00,Traffic,104
TRK_0435,FLP-ORD-0049,Hub_5_Mumbai,2025-07-31 12:43:00,None,0
TRK_0436,FLP-ORD-0166,Hub_2_Bengaluru,2025-08-17 17:33:00,Traffic,71
TRK_0437,FLP-ORD-0153,Hub_2_Delhi,2025-08-26 01:55:00,Technical Issue,24
TRK_0438,FLP-ORD-0121,Hub_4_Delhi,2025-07-01 05:50:00,Traffic,25
TRK_0439,FLP-ORD-0203,Hub_2_Bengaluru,2025-07-03 18:50:00,Technical Issue,98
TRK_0440,FLP-ORD-0080,Hub_3_Hyderabad,2025-07-16 05:31:00,Traffic,89
TRK_0441,FLP-ORD-0174,Hub_1_Bengaluru,2025-07-23 20:09:00,None,0
TRK_0442,FLP-ORD-0055,Hub_2_Jaipur,2025-07-15 10:35:00,None,0
TRK_0443,FLP-ORD-0178,Hub_4_Mumbai,2025-07-02 22:24:00,Traffic,27
TRK_0444,FLP-ORD-0129,Hub_1_Jaipur,2025-08-15 14:35:00,Traffic,99
TRK_0445,FLP-ORD-0251,Hub_2_Lucknow,2025-07-12 17:22:00,Traffic,69
TRK_0446,FLP-ORD-0141,Hub_5_Ahmedabad,2025-07-11 02:33:00,Traffic,47
TRK_0447,FLP-ORD-0135,Hub_5_Delhi,2025-07-30 00:49:00,Technical Issue,58
TRK_0448,FLP-ORD-0095,Hub_1_Lucknow,2025-08-24 11:49:00,Technical Issue,51
TRK_0449,FLP-ORD-0033,Hub_5_Kolkata,2025-07-13 16:43:00,Weather,80
TRK_0450,FLP-ORD-0079,Hub_5_Pune,2025-07-21 13:41:00,Traffic,22
TRK_0451,FLP-ORD-0268,Hub_1_Bengaluru,2025-08-23 04:11:00,None,0
TRK_0452,FLP-ORD-0104,Hub_1_Jaipur,2025-07-13 03:02:00,Weather,117
TRK_0453,FLP-ORD-0199,Hub_4_Ahmedabad,2025-08-09 22:37:00,Traffic,56
TRK_0454,FLP-ORD-0114,Hub_5_Hyderabad,2025-07-01 06:41:00,Weather,116
TRK_0455,FLP-ORD-0041,Hub_4_Bengaluru,2025-07-24 17:47:00,None,0
TRK_0456,FLP-ORD-0213,Hub_3_Bengaluru,2025-08-22 19:17:00,Weather,103
TRK_0457,FLP-ORD-0037,Hub_3_Hyderabad,2025-08-30 06:33:00,Traffic,102
TRK_0458,FLP-ORD-0119,Hub_5_Kolkata,2025-07-13 06:33:00,Technical Issue,82
TRK_0459,FLP-ORD-0092,Hub_5_Ahmedabad,2025-07-27 23:06:00,None,0
TRK_0460,FLP-ORD-0296,Hub_3_Jaipur,2025-08-14 21:27:00,None,0
TRK_0461,FLP-ORD-0086,Hub_2_Ahmedabad,2025-07-26 16:21:00,Technical Issue,78
TRK_0462,FLP-ORD-0227,Hub_3_Delhi,2025-08-05 10:54:00,Traffic,107
TRK_0463,FLP-ORD-0221,Hub_3_Lucknow,2025-07-16 18:34:00,Traffic,108
TRK_0464,FLP-ORD-0282,Hub_3_Delhi,2025-07-29 14:25:00,Traffic,14
TRK_0465,FLP-ORD-0146,Hub_5_Bengaluru,2025-08-03 04:56:00,Traffic,48
TRK_0466,FLP-ORD-0114,Hub_2_Delhi,2025-07-02 22:52:00,Traffic,80
TRK_0467,FLP-ORD-0262,Hub_5_Lucknow,2025-08-29 18:09:00,Traffic,68
TRK_0468,FLP-ORD-0183,Hub_2_Chennai,2025-07-17 11:56:00,Weather,39
TRK_0469,FLP-ORD-0132,Hub_3_Hyderabad,2025-08-06 12:36:00,None,0
TRK_0470,FLP-ORD-0040,Hub_3_Jaipur,2025-07-12 15:52:00,None,0
TRK_0471,FLP-ORD-0296,Hub_1_Lucknow,2025-08-11 09:02:00,None,0
TRK_0472,FLP-ORD-0296,Hub_4_Hyderabad,2025-08-19 01:58:00,None,0
TRK_0473,FLP-ORD-0179,Hub_4_Kolkata,2025-08-29 03:55:00,None,0
TRK_0474,FLP-ORD-0006,Hub_4_Bengaluru,2025-07-20 16:02:00,Traffic,82
TRK_0475,FLP-ORD-0077,Hub_3_Ahmedabad,2025-08-14 07:09:00,Traffic,103
TRK_0476,FLP-ORD-0202,Hub_4_Lucknow,2025-08-06 16:05:00,Traffic,47
TRK_0477,FLP-ORD-0202,Hub_2_Chennai,2025-07-22 02:30:00,Weather,16
TRK_0478,FLP-ORD-0281,Hub_4_Pune,2025-07-06 12:32:00,Weather,99
TRK_0479,FLP-ORD-0067,Hub_2_Jaipur,2025-08-05 06:31:00,Traffic,83
TRK_0480,FLP-ORD-0101,Hub_5_Lucknow,2025-08-17 16:15:00,Traffic,44
TRK_0481,FLP-ORD-0221,Hub_3_Lucknow,2025-07-06 03:42:00,Weather,56
TRK_0482,FLP-ORD-0179,Hub_2_Delhi,2025-07-23 19:41:00,Traffic,49
TRK_0483,FLP-ORD-0087,Hub_3_Lucknow,2025-08-22 14:39:00,Traffic,15
TRK_0484,FLP-ORD-0120,Hub_2_Delhi,2025-07-10 23:54:00,Traffic,104
TRK_0485,FLP-ORD-0028,Hub_2_Lucknow,2025-08-29 04:55:00,None,0
TRK_0486,FLP-ORD-0148,Hub_1_Delhi,2025-08-14 03:19:00,Weather,12
TRK_0487,FLP-ORD-0170,Hub_2_Ahmedabad,2025-07-14 06:34:00,Weather,43
TRK_0488,FLP-ORD-0281,Hub_4_Lucknow,2025-08-16 04:44:00,Technical Issue,12
TRK_0489,FLP-ORD-0193,Hub_5_Ahmedabad,2025-07-03 08:10:00,Traffic,35
TRK_0490,FLP-ORD-0139,Hub_1_Jaipur,2025-08-11 00:04:00,Traffic,44
TRK_0491,FLP-ORD-0185,Hub_1_Bengaluru,2025-07-19 20:24:00,Traffic,58
TRK_0492,FLP-ORD-0261,Hub_1_Delhi,2025-08-01 19:34:00,Traffic,35
TRK_0493,FLP-ORD-0257,Hub_4_Ahmedabad,2025-08-29 22:01:00,Traffic,77
TRK_0494,FLP-ORD-0157,Hub_3_Jaipur,2025-07-26 23:10:00,Traffic,97
TRK_0495,FLP-ORD-0181,Hub_3_Pune,2025-07-16 16:17:00,None,0
TRK_0496,FLP-ORD-0132,Hub_4_Bengaluru,2025-08-30 17:17:00,Traffic,53
TRK_0497,FLP-ORD-0202,Hub_2_Hyderabad,2025-08-16 12:33:00,None,0
TRK_0498,FLP-ORD-0117,Hub_4_Mumbai,2025-08-06 04:27:00,None,0
TRK_0499,FLP-ORD-0169,Hub_4_Ahmedabad,2025-07-09 06:41:00,Traffic,79
TRK_0500,FLP-ORD-0104,Hub_2_Pune,2025-08-14 22:57:00,Weather,27
TRK_0501,FLP-ORD-0221,Hub_2_Lucknow,2025-08-28 05:20:00,Traffic,78
TRK_0502,FLP-ORD-0061,Hub_2_Delhi,2025-08-23 04:46:00,Traffic,50
TRK_0503,FLP-ORD-0212,Hub_4_Pune,2025-07-29 23:59:00,None,0
TRK_0504,FLP-ORD-0141,Hub_2_Mumbai,2025-07-07 04:11:00,Traffic,88
TRK_0505,FLP-ORD-0137,Hub_5_Lucknow,2025-08-09 07:38:00,Traffic,97
TRK_0506,FLP-ORD-0014,Hub_3_Hyderabad,2025-08-14 15:08:00,Weather,87
TRK_0507,FLP-ORD-0241,Hub_3_Chennai,2025-08-24 12:31:00,Weather,30
TRK_0508,FLP-ORD-0099,Hub_2_Bengaluru,2025-07-27 00:59:00,Traffic,62
TRK_0509,FLP-ORD-0114,Hub_2_Mumbai,2025-07-05 05:59:00,None,0
TRK_0510,FLP-ORD-0225,Hub_5_Jaipur,2025-08-14 10:55:00,Weather,41
TRK_0511,FLP-ORD-0219,Hub_4_Bengaluru,2025-08-08 23:52:00,Traffic,50
TRK_0512,FLP-ORD-0202,Hub_5_Lucknow,2025-08-08 17:33:00,Technical Issue,100
TRK_0513,FLP-ORD-0020,Hub_5_Hyderabad,2025-07-29 14:52:00,None,0
TRK_0514,FLP-ORD-0126,Hub_5_Ahmedabad,2025-07-26 23:02:00,Weather,76
TRK_0515,FLP-ORD-0026,Hub_2_Pune,2025-07-29 12:56:00,Traffic,115
TRK_0516,FLP-ORD-0147,Hub_4_Chennai,2025-07-28 09:39:00,None,0
TRK_0517,FLP-ORD-0265,Hub_2_Jaipur,2025-08-23 20:28:00,Traffic,74
TRK_0518,FLP-ORD-0058,Hub_2_Lucknow,2025-08-30 22:34:00,Traffic,62
TRK_0519,FLP-ORD-0166,Hub_4_Bengaluru,2025-07-12 14:37:00,None,0
TRK_0520,FLP-ORD-0104,Hub_4_Hyderabad,2025-07-17 10:44:00,Technical Issue,101
TRK_0521,FLP-ORD-0084,Hub_1_Hyderabad,2025-07-08 22:28:00,Technical Issue,20
TRK_0522,FLP-ORD-0269,Hub_4_Ahmedabad,2025-08-09 05:24:00,Weather,15
TRK_0523,FLP-ORD-0088,Hub_3_Lucknow,2025-08-25 21:55:00,Traffic,28
TRK_0524,FLP-ORD-0092,Hub_1_Kolkata,2025-07-20 09:46:00,None,0
TRK_0525,FLP-ORD-0229,Hub_3_Chennai,2025-07-08 04:12:00,Traffic,107
TRK_0526,FLP-ORD-0130,Hub_1_Jaipur,2025-08-01 15:34:00,None,0
TRK_0527,FLP-ORD-0253,Hub_2_Mumbai,2025-08-07 21:30:00,Weather,66
TRK_0528,FLP-ORD-0041,Hub_5_Lucknow,2025-07-01 07:56:00,Weather,89
TRK_0529,FLP-ORD-0286,Hub_2_Bengaluru,2025-07-12 04:03:00,Technical Issue,14
TRK_0530,FLP-ORD-0075,Hub_1_Lucknow,2025-08-23 19:19:00,Traffic,21
TRK_0531,FLP-ORD-0026,Hub_1_Kolkata,2025-07-12 05:43:00,Traffic,94
TRK_0532,FLP-ORD-0294,Hub_5_Chennai,2025-07-30 23:37:00,Traffic,14
TRK_0533,FLP-ORD-0048,Hub_3_Delhi,2025-07-24 12:52:00,Traffic,64
TRK_0534,FLP-ORD-0282,Hub_1_Pune,2025-07-31 04:07:00,Technical Issue,45
TRK_0535,FLP-ORD-0169,Hub_5_Kolkata,2025-08-03 06:44:00,Traffic,17
TRK_0536,FLP-ORD-0056,Hub_5_Ahmedabad,2025-07-06 15:46:00,Technical Issue,110
TRK_0537,FLP-ORD-0148,Hub_4_Lucknow,2025-08-24 10:16:00,Weather,89
TRK_0538,FLP-ORD-0182,Hub_2_Lucknow,2025-08-06 15:33:00,None,0
TRK_0539,FLP-ORD-0255,Hub_4_Chennai,2025-08-26 19:14:00,None,0
TRK_0540,FLP-ORD-0100,Hub_1_Hyderabad,2025-07-02 14:40:00,None,0
TRK_0541,FLP-ORD-0107,Hub_5_Kolkata,2025-07-27 01:21:00,Traffic,113
TRK_0542,FLP-ORD-0109,Hub_1_Mumbai,2025-08-14 09:16:00,None,0
TRK_0543,FLP-ORD-0158,Hub_3_Ahmedabad,2025-08-05 10:49:00,Traffic,97
TRK_0544,FLP-ORD-0171,Hub_3_Kolkata,2025-08-16 18:39:00,None,0
TRK_0545,FLP-ORD-0090,Hub_2_Delhi,2025-08-23 10:59:00,Technical Issue,70
TRK_0546,FLP-ORD-0019,Hub_2_Jaipur,2025-07-10 20:29:00,None,0
TRK_0547,FLP-ORD-0275,Hub_3_Jaipur,2025-08-20 13:59:00,None,0
TRK_0548,FLP-ORD-0267,Hub_3_Lucknow,2025-08-16 21:20:00,Weather,12
TRK_0549,FLP-ORD-0107,Hub_5_Delhi,2025-08-21 11:04:00,None,0
TRK_0550,FLP-ORD-0144,Hub_1_Delhi,2025-07-25 20:34:00,None,0
TRK_0551,FLP-ORD-0293,Hub_5_Kolkata,2025-07-12 19:07:00,None,0
TRK_0552,FLP-ORD-0158,Hub_3_Bengaluru,2025-07-18 13:05:00,Weather,40
TRK_0553,FLP-ORD-0191,Hub_4_Pune,2025-07-14 16:19:00,Traffic,57
TRK_0554,FLP-ORD-0020,Hub_2_Hyderabad,2025-07-29 16:01:00,None,0
TRK_0555,FLP-ORD-0257,Hub_2_Mumbai,2025-07-22 15:46:00,None,0
TRK_0556,FLP-ORD-0159,Hub_3_Chennai,2025-08-19 03:52:00,None,0
TRK_0557,FLP-ORD-0265,Hub_2_Mumbai,2025-08-16 01:29:00,Traffic,120
TRK_0558,FLP-ORD-0268,Hub_1_Bengaluru,2025-07-20 01:43:00,None,0
TRK_0559,FLP-ORD-0045,Hub_3_Jaipur,2025-08-26 01:06:00,Weather,94
TRK_0560,FLP-ORD-0160,Hub_1_Lucknow,2025-08-18 09:40:00,None,0
TRK_0561,FLP-ORD-0165,Hub_2_Mumbai,2025-07-19 08:34:00,Traffic,66
TRK_0562,FLP-ORD-0061,Hub_3_Chennai,2025-07-11 08:07:00,Traffic,89
TRK_0563,FLP-ORD-0287,Hub_5_Hyderabad,2025-07-14 17:22:00,Weather,44
TRK_0564,FLP-ORD-0073,Hub_3_Lucknow,2025-07-16 05:04:00,Traffic,53
TRK_0565,FLP-ORD-0277,Hub_4_Bengaluru,2025-07-09 00:30:00,None,0
TRK_0566,FLP-ORD-0026,Hub_1_Kolkata,2025-07-04 02:27:00,Traffic,100
TRK_0567,FLP-ORD-0229,Hub_5_Delhi,2025-07-20 10:52:00,Traffic,107
TRK_0568,FLP-ORD-0274,Hub_1_Jaipur,2025-08-06 04:05:00,None,0
TRK_0569,FLP-ORD-0240,Hub_1_Jaipur,2025-07-20 21:41:00,None,0
TRK_0570,FLP-ORD-0239,Hub_4_Mumbai,2025-08-30 07:09:00,None,0
TRK_0571,FLP-ORD-0133,Hub_3_Kolkata,2025-07-12 22:58:00,Technical Issue,110
TRK_0572,FLP-ORD-0167,Hub_4_Jaipur,2025-07-02 02:30:00,Traffic,71
TRK_0573,FLP-ORD-0237,Hub_2_Pune,2025-08-19 11:38:00,Weather,75
TRK_0574,FLP-ORD-0053,Hub_4_Hyderabad,2025-07-21 17:41:00,Traffic,48
TRK_0575,FLP-ORD-0273,Hub_4_Kolkata,2025-08-07 13:15:00,Technical Issue,80
TRK_0576,FLP-ORD-0082,Hub_4_Kolkata,2025-07-05 10:13:00,None,0
TRK_0577,FLP-ORD-0221,Hub_4_Lucknow,2025-08-20 10:34:00,Technical Issue,32
TRK_0578,FLP-ORD-0040,Hub_5_Jaipur,2025-07-08 18:38:00,Weather,81
TRK_0579,FLP-ORD-0050,Hub_4_Chennai,2025-07-20 12:04:00,Weather,97
TRK_0580,FLP-ORD-0195,Hub_3_Jaipur,2025-08-11 21:03:00,Traffic,114
TRK_0581,FLP-ORD-0072,Hub_5_Bengaluru,2025-08-18 04:42:00,Traffic,78
TRK_0582,FLP-ORD-0150,Hub_4_Lucknow,2025-08-06 14:12:00,Traffic,50
TRK_0583,FLP-ORD-0154,Hub_5_Pune,2025-08-28 13:45:00,None,0
TRK_0584,FLP-ORD-0177,Hub_1_Lucknow,2025-07-01 19:32:00,Weather,26
TRK_0585,FLP-ORD-0151,Hub_1_Delhi,2025-08-27 17:03:00,Traffic,81
TRK_0586,FLP-ORD-0184,Hub_1_Pune,2025-08-25 00:15:00,Weather,85
TRK_0587,FLP-ORD-0202,Hub_3_Kolkata,2025-07-26 12:27:00,Weather,94
TRK_0588,FLP-ORD-0089,Hub_4_Chennai,2025-07-13 17:24:00,None,0
TRK_0589,FLP-ORD-0185,Hub_4_Chennai,2025-07-19 21:08:00,Traffic,19
TRK_0590,FLP-ORD-0009,Hub_2_Jaipur,2025-08-12 13:08:00,Traffic,92
TRK_0591,FLP-ORD-0213,Hub_4_Lucknow,2025-08-29 13:39:00,Traffic,75
TRK_0592,FLP-ORD-0218,Hub_5_Jaipur,2025-07-25 11:14:00,Traffic,87
TRK_0593,FLP-ORD-0004,Hub_5_Jaipur,2025-08-24 23:15:00,None,0
TRK_0594,FLP-ORD-0138,Hub_4_Ahmedabad,2025-08-06 11:02:00,None,0
TRK_0595,FLP-ORD-0291,Hub_4_Delhi,2025-07-08 18:30:00,None,0
TRK_0596,FLP-ORD-0041,Hub_2_Ahmedabad,2025-08-24 08:29:00,Weather,76
TRK_0597,FLP-ORD-0046,Hub_2_Jaipur,2025-08-10 23:42:00,None,0
TRK_0598,FLP-ORD-0040,Hub_5_Lucknow,2025-07-20 19:03:00,None,0
TRK_0599,FLP-ORD-0274,Hub_1_Jaipur,2025-07-30 16:57:00,Weather,103
TRK_0600,FLP-ORD-0170,Hub_4_Delhi,2025-08-21 09:18:00,Traffic,98
TRK_0601,FLP-ORD-0156,Hub_5_Pune,2025-07-04 20:30:00,Weather,83
TRK_0602,FLP-ORD-0027,Hub_3_Lucknow,2025-07-02 09:31:00,Traffic,74
TRK_0603,FLP-ORD-0040,Hub_3_Pune,2025-07-09 19:17:00,Traffic,42
TRK_0604,FLP-ORD-0008,Hub_1_Lucknow,2025-07-12 18:47:00,Traffic,67
TRK_0605,FLP-ORD-0190,Hub_2_Pune,2025-08-20 22:15:00,Weather,112
TRK_0606,FLP-ORD-0271,Hub_1_Delhi,2025-07-06 04:38:00,None,0
TRK_0607,FLP-ORD-0079,Hub_4_Kolkata,2025-08-19 12:15:00,Technical Issue,102
TRK_0608,FLP-ORD-0086,Hub_2_Lucknow,2025-08-16 11:03:00,Technical Issue,106
TRK_0609,FLP-ORD-0060,Hub_1_Chennai,2025-07-30 12:30:00,Traffic,105
TRK_0610,FLP-ORD-0273,Hub_2_Kolkata,2025-08-13 22:24:00,Weather,28
TRK_0611,FLP-ORD-0272,Hub_4_Bengaluru,2025-07-19 14:24:00,Technical Issue,77
TRK_0612,FLP-ORD-0022,Hub_1_Ahmedabad,2025-08-10 11:54:00,Weather,93
TRK_0613,FLP-ORD-0140,Hub_3_Pune,2025-07-18 03:16:00,Technical Issue,60
TRK_0614,FLP-ORD-0237,Hub_2_Lucknow,2025-08-19 06:33:00,Traffic,98
TRK_0615,FLP-ORD-0093,Hub_3_Ahmedabad,2025-07-01 21:00:00,None,0
TRK_0616,FLP-ORD-0007,Hub_4_Hyderabad,2025-08-03 03:43:00,Weather,38
TRK_0617,FLP-ORD-0146,Hub_3_Mumbai,2025-07-03 00:39:00,Traffic,86
TRK_0618,FLP-ORD-0112,Hub_5_Hyderabad,2025-08-15 03:05:00,None,0
TRK_0619,FLP-ORD-0067,Hub_4_Lucknow,2025-08-21 05:57:00,Traffic,33
TRK_0620,FLP-ORD-0130,Hub_3_Jaipur,2025-08-12 02:40:00,Weather,45
TRK_0621,FLP-ORD-0219,Hub_3_Pune,2025-07-11 02:17:00,None,0
TRK_0622,FLP-ORD-0196,Hub_4_Delhi,2025-07-04 08:52:00,Traffic,66
TRK_0623,FLP-ORD-0036,Hub_4_Mumbai,2025-08-09 12:11:00,Technical Issue,23
TRK_0624,FLP-ORD-0074,Hub_5_Kolkata,2025-07-14 19:41:00,Traffic,66
TRK_0625,FLP-ORD-0133,Hub_1_Bengaluru,2025-07-05 02:36:00,None,0
TRK_0626,FLP-ORD-0229,Hub_1_Jaipur,2025-07-10 20:40:00,Traffic,14
TRK_0627,FLP-ORD-0200,Hub_3_Chennai,2025-08-14 10:57:00,Traffic,10
TRK_0628,FLP-ORD-0264,Hub_4_Jaipur,2025-07-28 12:54:00,None,0
TRK_0629,FLP-ORD-0036,Hub_5_Mumbai,2025-07-01 12:44:00,None,0
TRK_0630,FLP-ORD-0247,Hub_1_Lucknow,2025-08-04 11:21:00,Technical Issue,61
TRK_0631,FLP-ORD-0029,Hub_1_Delhi,2025-08-04 10:05:00,None,0
TRK_0632,FLP-ORD-0149,Hub_2_Chennai,2025-08-05 01:24:00,Technical Issue,48
TRK_0633,FLP-ORD-0200,Hub_1_Delhi,2025-08-01 02:56:00,Technical Issue,104
TRK_0634,FLP-ORD-0098,Hub_2_Bengaluru,2025-07-13 00:46:00,None,0
TRK_0635,FLP-ORD-0123,Hub_4_Kolkata,2025-07-05 17:41:00,Traffic,78
TRK_0636,FLP-ORD-0231,Hub_1_Bengaluru,2025-07-22 01:21:00,None,0
TRK_0637,FLP-ORD-0022,Hub_4_Hyderabad,2025-07-14 20:42:00,Weather,96
TRK_0638,FLP-ORD-0275,Hub_2_Lucknow,2025-07-15 02:02:00,None,0
TRK_0639,FLP-ORD-0251,Hub_1_Jaipur,2025-08-28 19:02:00,Traffic,93
TRK_0640,FLP-ORD-0067,Hub_1_Chennai,2025-08-10 01:57:00,Traffic,111
TRK_0641,FLP-ORD-0050,Hub_4_Lucknow,2025-07-11 18:04:00,None,0
TRK_0642,FLP-ORD-0055,Hub_1_Jaipur,2025-08-08 19:14:00,Traffic,35
TRK_0643,FLP-ORD-0219,Hub_3_Kolkata,2025-07-21 03:43:00,Weather,27
TRK_0644,FLP-ORD-0165,Hub_2_Bengaluru,2025-08-07 05:21:00,Traffic,45
TRK_0645,FLP-ORD-0073,Hub_4_Chennai,2025-08-14 11:35:00,Traffic,41
TRK_0646,FLP-ORD-0298,Hub_1_Chennai,2025-07-07 20:39:00,Traffic,30
TRK_0647,FLP-ORD-0009,Hub_4_Hyderabad,2025-07-01 00:11:00,None,0
TRK_0648,FLP-ORD-0146,Hub_4_Jaipur,2025-08-14 04:13:00,Traffic,44
TRK_0649,FLP-ORD-0268,Hub_4_Kolkata,2025-07-16 05:39:00,Technical Issue,86
TRK_0650,FLP-ORD-0093,Hub_4_Lucknow,2025-08-30 02:40:00,None,0
TRK_0651,FLP-ORD-0155,Hub_3_Kolkata,2025-07-01 17:15:00,Traffic,77
TRK_0652,FLP-ORD-0049,Hub_5_Delhi,2025-08-25 17:32:00,Traffic,108
TRK_0653,FLP-ORD-0107,Hub_3_Bengaluru,2025-07-13 03:50:00,Traffic,118
TRK_0654,FLP-ORD-0243,Hub_4_Chennai,2025-07-11 21:59:00,Traffic,92
TRK_0655,FLP-ORD-0187,Hub_3_Mumbai,2025-07-28 08:21:00,Technical Issue,107
TRK_0656,FLP-ORD-0233,Hub_1_Hyderabad,2025-08-17 01:59:00,Weather,30
TRK_0657,FLP-ORD-0015,Hub_4_Ahmedabad,2025-07-08 02:57:00,Traffic,66
TRK_0658,FLP-ORD-0297,Hub_3_Kolkata,2025-07-13 23:43:00,None,0
TRK_0659,FLP-ORD-0118,Hub_1_Delhi,2025-07-15 03:15:00,None,0
TRK_0660,FLP-ORD-0103,Hub_4_Mumbai,2025-07-05 15:37:00,Weather,65
TRK_0661,FLP-ORD-0075,Hub_2_Lucknow,2025-07-30 05:24:00,Traffic,68
TRK_0662,FLP-ORD-0100,Hub_3_Pune,2025-07-13 10:08:00,Traffic,82
TRK_0663,FLP-ORD-0031,Hub_3_Chennai,2025-07-08 14:29:00,Weather,107
TRK_0664,FLP-ORD-0176,Hub_2_Pune,2025-08-08 05:50:00,None,0
TRK_0665,FLP-ORD-0088,Hub_5_Ahmedabad,2025-08-24 07:05:00,Weather,76
TRK_0666,FLP-ORD-0251,Hub_2_Lucknow,2025-07-31 14:17:00,Traffic,64
TRK_0667,FLP-ORD-0127,Hub_2_Delhi,2025-07-28 18:14:00,None,0
TRK_0668,FLP-ORD-0077,Hub_5_Bengaluru,2025-07-27 01:02:00,None,0
TRK_0669,FLP-ORD-0259,Hub_1_Kolkata,2025-08-03 12:30:00,None,0
TRK_0670,FLP-ORD-0051,Hub_4_Jaipur,2025-07-16 02:35:00,None,0
TRK_0671,FLP-ORD-0209,Hub_2_Chennai,2025-07-23 09:15:00,Technical Issue,21
TRK_0672,FLP-ORD-0009,Hub_4_Pune,2025-07-11 22:29:00,None,0
TRK_0673,FLP-ORD-0299,Hub_1_Jaipur,2025-07-30 04:55:00,None,0
TRK_0674,FLP-ORD-0095,Hub_3_Jaipur,2025-08-15 20:00:00,None,0
TRK_0675,FLP-ORD-0037,Hub_4_Delhi,2025-08-03 01:18:00,Weather,44
TRK_0676,FLP-ORD-0278,Hub_5_Mumbai,2025-08-20 21:05:00,Technical Issue,52
TRK_0677,FLP-ORD-0029,Hub_5_Delhi,2025-08-26 01:07:00,Traffic,69
TRK_0678,FLP-ORD-0021,Hub_3_Delhi,2025-07-12 20:35:00,None,0
TRK_0679,FLP-ORD-0288,Hub_2_Chennai,2025-07-22 07:34:00,Traffic,71
TRK_0680,FLP-ORD-0298,Hub_2_Mumbai,2025-07-21 11:57:00,Traffic,97
TRK_0681,FLP-ORD-0217,Hub_3_Bengaluru,2025-07-05 11:22:00,Weather,74
TRK_0682,FLP-ORD-0270,Hub_1_Jaipur,2025-08-15 17:43:00,None,0
TRK_0683,FLP-ORD-0150,Hub_4_Lucknow,2025-07-24 21:44:00,None,0
TRK_0684,FLP-ORD-0034,Hub_2_Jaipur,2025-07-06 02:25:00,None,0
TRK_0685,FLP-ORD-0148,Hub_1_Hyderabad,2025-07-11 08:07:00,Technical Issue,73
TRK_0686,FLP-ORD-0078,Hub_2_Ahmedabad,2025-08-30 20:01:00,Traffic,97
TRK_0687,FLP-ORD-0278,Hub_2_Jaipur,2025-07-23 13:28:00,None,0
TRK_0688,FLP-ORD-0011,Hub_3_Mumbai,2025-07-05 00:55:00,None,0
TRK_0689,FLP-ORD-0267,Hub_3_Kolkata,2025-08-07 10:41:00,Technical Issue,51
TRK_0690,FLP-ORD-0249,Hub_5_Ahmedabad,2025-08-23 17:28:00,Weather,82
TRK_0691,FLP-ORD-0068,Hub_3_Chennai,2025-08-20 08:14:00,Weather,46
TRK_0692,FLP-ORD-0025,Hub_2_Delhi,2025-07-19 14:10:00,Technical Issue,30
TRK_0693,FLP-ORD-0275,Hub_3_Chennai,2025-07-12 22:44:00,None,0
TRK_0694,FLP-ORD-0079,Hub_2_Mumbai,2025-07-08 01:20:00,Weather,66
TRK_0695,FLP-ORD-0134,Hub_3_Chennai,2025-07-14 17:45:00,Traffic,50
TRK_0696,FLP-ORD-0177,Hub_2_Delhi,2025-07-29 17:10:00,Weather,25
TRK_0697,FLP-ORD-0013,Hub_4_Jaipur,2025-08-19 04:29:00,None,0
TRK_0698,FLP-ORD-0080,Hub_1_Ahmedabad,2025-08-02 10:41:00,None,0
TRK_0699,FLP-ORD-0243,Hub_3_Lucknow,2025-08-12 04:51:00,Weather,66
TRK_0700,FLP-ORD-0174,Hub_1_Jaipur,2025-08-27 01:08:00,Technical Issue,24
TRK_0701,FLP-ORD-0158,Hub_1_Kolkata,2025-08-09 07:28:00,Traffic,51
TRK_0702,FLP-ORD-0029,Hub_5_Mumbai,2025-08-07 16:14:00,None,0
TRK_0703,FLP-ORD-0143,Hub_2_Bengaluru,2025-07-06 17:54:00,Weather,95
TRK_0704,FLP-ORD-0045,Hub_5_Kolkata,2025-07-13 15:20:00,Technical Issue,75
TRK_0705,FLP-ORD-0029,Hub_3_Kolkata,2025-07-10 22:54:00,Weather,59
TRK_0706,FLP-ORD-0191,Hub_1_Pune,2025-07-23 11:19:00,None,0
TRK_0707,FLP-ORD-0288,Hub_1_Mumbai,2025-08-16 14:47:00,None,0
TRK_0708,FLP-ORD-0227,Hub_3_Chennai,2025-08-21 23:57:00,Weather,63
TRK_0709,FLP-ORD-0072,Hub_5_Lucknow,2025-07-06 04:13:00,Traffic,77
TRK_0710,FLP-ORD-0172,Hub_1_Lucknow,2025-08-18 12:05:00,Traffic,91
TRK_0711,FLP-ORD-0140,Hub_4_Chennai,2025-08-05 14:45:00,Weather,27
TRK_0712,FLP-ORD-0103,Hub_2_Kolkata,2025-07-19 17:31:00,Traffic,115
TRK_0713,FLP-ORD-0155,Hub_5_Pune,2025-08-01 17:47:00,Weather,13
TRK_0714,FLP-ORD-0002,Hub_2_Pune,2025-07-20 20:53:00,Technical Issue,25
TRK_0715,FLP-ORD-0148,Hub_4_Chennai,2025-08-01 22:41:00,Traffic,25
TRK_0716,FLP-ORD-0142,Hub_4_Hyderabad,2025-08-08 23:23:00,Weather,82
TRK_0717,FLP-ORD-0224,Hub_3_Jaipur,2025-08-14 03:23:00,Weather,83
TRK_0718,FLP-ORD-0009,Hub_3_Chennai,2025-08-07 01:09:00,Traffic,98
TRK_0719,FLP-ORD-0070,Hub_3_Chennai,2025-07-04 08:23:00,Weather,55
TRK_0720,FLP-ORD-0025,Hub_3_Pune,2025-08-03 20:59:00,Traffic,34
TRK_0721,FLP-ORD-0094,Hub_1_Lucknow,2025-08-18 05:34:00,Traffic,50
TRK_0722,FLP-ORD-0155,Hub_3_Delhi,2025-07-07 17:37:00,Traffic,28
TRK_0723,FLP-ORD-0007,Hub_2_Ahmedabad,2025-07-19 11:49:00,Weather,53
TRK_0724,FLP-ORD-0084,Hub_1_Mumbai,2025-07-10 16:14:00,None,0
TRK_0725,FLP-ORD-0287,Hub_5_Ahmedabad,2025-08-24 17:45:00,Weather,106
TRK_0726,FLP-ORD-0059,Hub_4_Jaipur,2025-08-28 02:07:00,None,0
TRK_0727,FLP-ORD-0009,Hub_4_Delhi,2025-07-20 22:23:00,Traffic,66
TRK_0728,FLP-ORD-0268,Hub_3_Chennai,2025-08-15 09:01:00,None,0
TRK_0729,FLP-ORD-0061,Hub_2_Chennai,2025-08-24 22:09:00,Technical Issue,49
TRK_0730,FLP-ORD-0065,Hub_2_Chennai,2025-07-06 13:44:00,None,0
TRK_0731,FLP-ORD-0058,Hub_1_Bengaluru,2025-08-19 15:48:00,Weather,35
TRK_0732,FLP-ORD-0056,Hub_1_Ahmedabad,2025-08-07 01:30:00,Traffic,42
TRK_0733,FLP-ORD-0023,Hub_1_Pune,2025-08-12 00:48:00,Traffic,25
TRK_0734,FLP-ORD-0106,Hub_5_Mumbai,2025-07-12 21:22:00,Traffic,28
TRK_0735,FLP-ORD-0143,Hub_5_Delhi,2025-07-23 05:54:00,Weather,103
TRK_0736,FLP-ORD-0124,Hub_5_Lucknow,2025-07-05 03:52:00,Weather,11
TRK_0737,FLP-ORD-0271,Hub_2_Mumbai,2025-07-19 05:57:00,None,0
TRK_0738,FLP-ORD-0003,Hub_1_Mumbai,2025-08-28 16:54:00,None,0
TRK_0739,FLP-ORD-0188,Hub_5_Chennai,2025-07-29 21:06:00,Traffic,55
TRK_0740,FLP-ORD-0195,Hub_4_Mumbai,2025-08-02 07:26:00,Traffic,50
TRK_0741,FLP-ORD-0064,Hub_4_Hyderabad,2025-08-03 04:31:00,None,0
TRK_0742,FLP-ORD-0148,Hub_5_Bengaluru,2025-07-06 10:31:00,Traffic,46
TRK_0743,FLP-ORD-0234,Hub_5_Pune,2025-08-13 14:14:00,Weather,47
TRK_0744,FLP-ORD-0220,Hub_2_Hyderabad,2025-08-27 15:43:00,Traffic,11
TRK_0745,FLP-ORD-0252,Hub_1_Kolkata,2025-07-29 16:42:00,Technical Issue,25
TRK_0746,FLP-ORD-0074,Hub_4_Kolkata,2025-08-14 18:06:00,None,0
TRK_0747,FLP-ORD-0087,Hub_1_Delhi,2025-07-13 10:12:00,Weather,61
TRK_0748,FLP-ORD-0063,Hub_2_Kolkata,2025-08-16 15:17:00,None,0
TRK_0749,FLP-ORD-0298,Hub_5_Pune,2025-08-18 20:25:00,Traffic,95
TRK_0750,FLP-ORD-0208,Hub_4_Ahmedabad,2025-07-18 04:49:00,Weather,25
TRK_0751,FLP-ORD-0129,Hub_4_Jaipur,2025-07-15 20:08:00,Traffic,104
TRK_0752,FLP-ORD-0028,Hub_1_Jaipur,2025-08-13 00:11:00,Traffic,96
TRK_0753,FLP-ORD-0168,Hub_2_Pune,2025-08-09 19:06:00,None,0
TRK_0754,FLP-ORD-0267,Hub_4_Jaipur,2025-07-13 09:42:00,Weather,74
TRK_0755,FLP-ORD-0134,Hub_5_Delhi,2025-08-21 17:34:00,Traffic,107
TRK_0756,FLP-ORD-0017,Hub_4_Hyderabad,2025-07-25 14:20:00,None,0
TRK_0757,FLP-ORD-0227,Hub_4_Bengaluru,2025-07-03 05:35:00,Technical Issue,109
TRK_0758,FLP-ORD-0156,Hub_2_Jaipur,2025-07-28 04:19:00,None,0
TRK_0759,FLP-ORD-0250,Hub_1_Lucknow,2025-08-13 15:42:00,Weather,79
TRK_0760,FLP-ORD-0293,Hub_4_Jaipur,2025-08-05 05:32:00,Traffic,43
TRK_0761,FLP-ORD-0254,Hub_5_Kolkata,2025-08-09 21:22:00,None,0
TRK_0762,FLP-ORD-0146,Hub_3_Bengaluru,2025-07-02 18:02:00,Traffic,56
TRK_0763,FLP-ORD-0179,Hub_5_Bengaluru,2025-08-18 20:21:00,Traffic,64
TRK_0764,FLP-ORD-0177,Hub_3_Kolkata,2025-07-23 01:42:00,Traffic,40
TRK_0765,FLP-ORD-0160,Hub_5_Hyderabad,2025-08-28 22:04:00,None,0
TRK_0766,FLP-ORD-0059,Hub_3_Chennai,2025-07-02 17:20:00,Traffic,94
TRK_0767,FLP-ORD-0217,Hub_5_Ahmedabad,2025-08-27 13:17:00,Traffic,70
TRK_0768,FLP-ORD-0012,Hub_3_Kolkata,2025-08-06 12:20:00,Weather,113
TRK_0769,FLP-ORD-0251,Hub_1_Mumbai,2025-07-22 15:32:00,None,0
TRK_0770,FLP-ORD-0174,Hub_2_Lucknow,2025-07-20 11:27:00,Traffic,91
TRK_0771,FLP-ORD-0039,Hub_5_Mumbai,2025-07-19 08:03:00,Traffic,83
TRK_0772,FLP-ORD-0206,Hub_2_Lucknow,2025-08-17 02:45:00,None,0
TRK_0773,FLP-ORD-0049,Hub_5_Delhi,2025-07-18 02:36:00,None,0
TRK_0774,FLP-ORD-0244,Hub_4_Mumbai,2025-07-23 02:41:00,None,0
TRK_0775,FLP-ORD-0259,Hub_3_Kolkata,2025-08-12 17:20:00,Traffic,61
TRK_0776,FLP-ORD-0129,Hub_5_Ahmedabad,2025-07-30 21:48:00,Weather,12
TRK_0777,FLP-ORD-0265,Hub_2_Lucknow,2025-08-01 06:42:00,None,0
TRK_0778,FLP-ORD-0240,Hub_3_Ahmedabad,2025-08-21 19:54:00,None,0
TRK_0779,FLP-ORD-0223,Hub_5_Bengaluru,2025-08-03 06:23:00,Weather,40
TRK_0780,FLP-ORD-0078,Hub_3_Kolkata,2025-07-27 10:55:00,None,0
TRK_0781,FLP-ORD-0033,Hub_2_Kolkata,2025-07-18 09:41:00,Traffic,97
TRK_0782,FLP-ORD-0121,Hub_4_Mumbai,2025-07-08 04:12:00,Traffic,112
TRK_0783,FLP-ORD-0159,Hub_4_Jaipur,2025-08-05 13:27:00,Technical Issue,14
TRK_0784,FLP-ORD-0104,Hub_2_Pune,2025-07-09 00:16:00,None,0
TRK_0785,FLP-ORD-0143,Hub_5_Chennai,2025-08-11 01:46:00,Weather,12
TRK_0786,FLP-ORD-0029,Hub_1_Delhi,2025-08-08 09:55:00,Traffic,62
TRK_0787,FLP-ORD-0187,Hub_1_Kolkata,2025-08-30 23:53:00,Traffic,24
TRK_0788,FLP-ORD-0293,Hub_5_Hyderabad,2025-08-03 21:53:00,Weather,109
TRK_0789,FLP-ORD-0269,Hub_3_Jaipur,2025-08-26 02:15:00,Weather,108
TRK_0790,FLP-ORD-0161,Hub_3_Lucknow,2025-08-17 12:51:00,None,0
TRK_0791,FLP-ORD-0121,Hub_4_Mumbai,2025-07-10 03:11:00,Traffic,45
TRK_0792,FLP-ORD-0226,Hub_4_Pune,2025-08-25 18:03:00,Weather,57
TRK_0793,FLP-ORD-0058,Hub_3_Ahmedabad,2025-07-28 15:43:00,Traffic,45
TRK_0794,FLP-ORD-0075,Hub_3_Jaipur,2025-08-15 11:52:00,Traffic,92
TRK_0795,FLP-ORD-0018,Hub_1_Mumbai,2025-07-17 17:24:00,Traffic,99
TRK_0796,FLP-ORD-0186,Hub_1_Ahmedabad,2025-08-25 07:54:00,Weather,11
TRK_0797,FLP-ORD-0202,Hub_3_Pune,2025-07-06 07:19:00,Traffic,30
TRK_0798,FLP-ORD-0225,Hub_3_Kolkata,2025-08-20 01:17:00,None,0
TRK_0799,FLP-ORD-0252,Hub_4_Kolkata,2025-08-29 10:45:00,Weather,114
TRK_0800,FLP-ORD-0052,Hub_2_Pune,2025-08-02 02:22:00,Weather,103
TRK_0801,FLP-ORD-0281,Hub_3_Jaipur,2025-08-14 00:48:00,Traffic,92
TRK_0802,FLP-ORD-0095,Hub_4_Chennai,2025-07-01 12:12:00,Technical Issue,50
TRK_0803,FLP-ORD-0295,Hub_1_Hyderabad,2025-07-11 07:33:00,None,0
TRK_0804,FLP-ORD-0067,Hub_5_Kolkata,2025-08-20 10:28:00,Weather,104
TRK_0805,FLP-ORD-0069,Hub_3_Chennai,2025-08-13 18:52:00,Traffic,46
TRK_0806,FLP-ORD-0102,Hub_1_Kolkata,2025-07-24 05:25:00,None,0
TRK_0807,FLP-ORD-0293,Hub_2_Bengaluru,2025-08-30 00:59:00,Weather,88
TRK_0808,FLP-ORD-0118,Hub_1_Jaipur,2025-07-13 08:44:00,None,0
TRK_0809,FLP-ORD-0026,Hub_4_Lucknow,2025-07-28 19:16:00,Traffic,57
TRK_0810,FLP-ORD-0088,Hub_5_Hyderabad,2025-07-01 22:33:00,Weather,68
TRK_0811,FLP-ORD-0254,Hub_1_Mumbai,2025-08-15 06:12:00,None,0
TRK_0812,FLP-ORD-0137,Hub_3_Jaipur,2025-07-25 04:27:00,None,0
TRK_0813,FLP-ORD-0111,Hub_3_Mumbai,2025-07-27 05:26:00,None,0
TRK_0814,FLP-ORD-0015,Hub_3_Pune,2025-07-16 19:28:00,None,0
TRK_0815,FLP-ORD-0190,Hub_5_Jaipur,2025-07-06 00:30:00,Traffic,51
TRK_0816,FLP-ORD-0204,Hub_2_Kolkata,2025-08-15 13:47:00,Weather,19
TRK_0817,FLP-ORD-0049,Hub_5_Bengaluru,2025-07-04 10:59:00,Traffic,55
TRK_0818,FLP-ORD-0024,Hub_1_Pune,2025-08-02 19:24:00,Traffic,60
TRK_0819,FLP-ORD-0190,Hub_2_Ahmedabad,2025-07-03 18:11:00,Traffic,74
TRK_0820,FLP-ORD-0253,Hub_3_Jaipur,2025-07-09 02:20:00,None,0
TRK_0821,FLP-ORD-0222,Hub_2_Pune,2025-07-08 10:02:00,None,0
TRK_0822,FLP-ORD-0256,Hub_3_Delhi,2025-08-29 13:18:00,None,0
TRK_0823,FLP-ORD-0135,Hub_5_Pune,2025-08-03 10:27:00,None,0
TRK_0824,FLP-ORD-0162,Hub_4_Chennai,2025-08-05 21:40:00,None,0
TRK_0825,FLP-ORD-0028,Hub_2_Chennai,2025-07-04 07:11:00,Traffic,43
TRK_0826,FLP-ORD-0084,Hub_4_Kolkata,2025-07-08 15:02:00,Weather,100
TRK_0827,FLP-ORD-0288,Hub_4_Jaipur,2025-08-01 03:54:00,None,0
TRK_0828,FLP-ORD-0076,Hub_1_Delhi,2025-07-06 06:55:00,Traffic,116
TRK_0829,FLP-ORD-0087,Hub_5_Pune,2025-08-06 21:37:00,Traffic,10
TRK_0830,FLP-ORD-0270,Hub_5_Chennai,2025-07-27 02:15:00,None,0
TRK_0831,FLP-ORD-0049,Hub_3_Bengaluru,2025-07-19 21:43:00,Traffic,57
TRK_0832,FLP-ORD-0055,Hub_3_Chennai,2025-07-02 02:29:00,None,0
TRK_0833,FLP-ORD-0246,Hub_4_Pune,2025-08-08 21:00:00,Traffic,15
TRK_0834,FLP-ORD-0232,Hub_3_Lucknow,2025-07-09 06:55:00,Traffic,92
TRK_0835,FLP-ORD-0145,Hub_3_Bengaluru,2025-08-17 02:35:00,None,0
TRK_0836,FLP-ORD-0196,Hub_1_Kolkata,2025-07-17 05:15:00,None,0
TRK_0837,FLP-ORD-0205,Hub_1_Bengaluru,2025-08-24 06:10:00,Traffic,61
TRK_0838,FLP-ORD-0146,Hub_2_Hyderabad,2025-07-20 15:51:00,Weather,113
TRK_0839,FLP-ORD-0159,Hub_5_Chennai,2025-07-23 21:06:00,None,0
TRK_0840,FLP-ORD-0263,Hub_2_Jaipur,2025-07-29 12:30:00,Traffic,86
TRK_0841,FLP-ORD-0217,Hub_1_Kolkata,2025-08-21 11:39:00,Traffic,90
TRK_0842,FLP-ORD-0219,Hub_1_Bengaluru,2025-08-02 10:29:00,Technical Issue,92
TRK_0843,FLP-ORD-0080,Hub_4_Ahmedabad,2025-08-10 20:33:00,Traffic,69
TRK_0844,FLP-ORD-0224,Hub_1_Jaipur,2025-07-20 04:08:00,Technical Issue,48
TRK_0845,FLP-ORD-0128,Hub_5_Kolkata,2025-07-19 18:03:00,Weather,15
TRK_0846,FLP-ORD-0263,Hub_1_Ahmedabad,2025-07-28 13:06:00,Weather,102
TRK_0847,FLP-ORD-0292,Hub_3_Delhi,2025-07-17 18:05:00,None,0
TRK_0848,FLP-ORD-0009,Hub_1_Jaipur,2025-07-12 05:53:00,Traffic,20
TRK_0849,FLP-ORD-0214,Hub_3_Delhi,2025-08-07 23:29:00,None,0
TRK_0850,FLP-ORD-0231,Hub_5_Pune,2025-07-22 05:13:00,Traffic,105
TRK_0851,FLP-ORD-0133,Hub_1_Kolkata,2025-08-04 00:00:00,Traffic,11
TRK_0852,FLP-ORD-0088,Hub_4_Jaipur,2025-08-14 12:55:00,Technical Issue,105
TRK_0853,FLP-ORD-0250,Hub_3_Lucknow,2025-08-22 19:23:00,Technical Issue,98
TRK_0854,FLP-ORD-0203,Hub_3_Hyderabad,2025-07-09 04:00:00,Traffic,114
TRK_0855,FLP-ORD-0009,Hub_2_Bengaluru,2025-07-14 15:41:00,Traffic,40
TRK_0856,FLP-ORD-0224,Hub_5_Mumbai,2025-07-06 09:49:00,Weather,70
TRK_0857,FLP-ORD-0217,Hub_1_Hyderabad,2025-07-11 04:47:00,None,0
TRK_0858,FLP-ORD-0249,Hub_4_Bengaluru,2025-08-25 14:37:00,Traffic,47
TRK_0859,FLP-ORD-0292,Hub_4_Bengaluru,2025-07-22 00:06:00,Technical Issue,101
TRK_0860,FLP-ORD-0222,Hub_4_Jaipur,2025-08-17 18:38:00,None,0
TRK_0861,FLP-ORD-0149,Hub_1_Jaipur,2025-07-26 15:32:00,Weather,88
TRK_0862,FLP-ORD-0250,Hub_2_Bengaluru,2025-08-03 00:27:00,Weather,80
TRK_0863,FLP-ORD-0033,Hub_3_Kolkata,2025-08-26 15:07:00,Weather,92
TRK_0864,FLP-ORD-0178,Hub_4_Kolkata,2025-07-02 05:18:00,None,0
TRK_0865,FLP-ORD-0241,Hub_3_Jaipur,2025-07-15 16:14:00,Weather,97
TRK_0866,FLP-ORD-0174,Hub_5_Jaipur,2025-07-09 09:46:00,None,0
TRK_0867,FLP-ORD-0214,Hub_3_Jaipur,2025-08-21 05:39:00,Traffic,98
TRK_0868,FLP-ORD-0045,Hub_4_Chennai,2025-07-12 06:10:00,Technical Issue,22
TRK_0869,FLP-ORD-0213,Hub_4_Pune,2025-07-16 06:35:00,Traffic,12
TRK_0870,FLP-ORD-0184,Hub_3_Delhi,2025-08-13 05:11:00,None,0
TRK_0871,FLP-ORD-0258,Hub_1_Hyderabad,2025-07-22 13:07:00,Technical Issue,25
TRK_0872,FLP-ORD-0288,Hub_2_Jaipur,2025-07-17 10:50:00,Traffic,15
TRK_0873,FLP-ORD-0286,Hub_3_Chennai,2025-08-24 22:55:00,Weather,95
TRK_0874,FLP-ORD-0054,Hub_1_Jaipur,2025-08-21 14:53:00,None,0
TRK_0875,FLP-ORD-0055,Hub_5_Lucknow,2025-08-20 03:52:00,Weather,74
TRK_0876,FLP-ORD-0054,Hub_2_Hyderabad,2025-08-25 06:58:00,Traffic,103
TRK_0877,FLP-ORD-0150,Hub_4_Ahmedabad,2025-08-01 23:55:00,Traffic,92
TRK_0878,FLP-ORD-0187,Hub_3_Chennai,2025-07-08 06:28:00,None,0
TRK_0879,FLP-ORD-0004,Hub_2_Jaipur,2025-07-22 09:32:00,Traffic,44
TRK_0880,FLP-ORD-0191,Hub_4_Delhi,2025-08-10 21:15:00,Traffic,106
TRK_0881,FLP-ORD-0272,Hub_4_Mumbai,2025-07-09 13:26:00,None,0
TRK_0882,FLP-ORD-0235,Hub_5_Delhi,2025-08-30 00:28:00,Traffic,11
TRK_0883,FLP-ORD-0265,Hub_1_Hyderabad,2025-07-22 10:25:00,None,0
TRK_0884,FLP-ORD-0085,Hub_4_Bengaluru,2025-07-26 01:42:00,None,0
TRK_0885,FLP-ORD-0078,Hub_5_Bengaluru,2025-08-10 22:51:00,Technical Issue,76
TRK_0886,FLP-ORD-0152,Hub_4_Kolkata,2025-08-26 21:44:00,Weather,48
TRK_0887,FLP-ORD-0161,Hub_3_Bengaluru,2025-08-22 08:57:00,Weather,28
TRK_0888,FLP-ORD-0207,Hub_4_Mumbai,2025-08-26 17:39:00,None,0
TRK_0889,FLP-ORD-0227,Hub_3_Kolkata,2025-08-19 06:56:00,Traffic,14
TRK_0890,FLP-ORD-0276,Hub_3_Kolkata,2025-08-16 23:47:00,None,0
TRK_0891,FLP-ORD-0267,Hub_5_Pune,2025-07-14 02:32:00,Weather,76
TRK_0892,FLP-ORD-0175,Hub_2_Bengaluru,2025-07-02 17:37:00,Traffic,116
TRK_0893,FLP-ORD-0156,Hub_4_Ahmedabad,2025-07-08 23:03:00,None,0
TRK_0894,FLP-ORD-0133,Hub_5_Delhi,2025-07-08 01:48:00,Technical Issue,25
TRK_0895,FLP-ORD-0230,Hub_3_Lucknow,2025-08-17 00:29:00,Traffic,40
TRK_0896,FLP-ORD-0298,Hub_5_Ahmedabad,2025-08-24 19:14:00,Traffic,46
TRK_0897,FLP-ORD-0294,Hub_2_Kolkata,2025-08-03 23:15:00,Traffic,76
TRK_0898,FLP-ORD-0299,Hub_2_Delhi,2025-07-30 03:09:00,None,0
TRK_0899,FLP-ORD-0211,Hub_1_Hyderabad,2025-07-04 13:56:00,Traffic,37
TRK_0900,FLP-ORD-0229,Hub_1_Delhi,2025-08-13 16:25:00,Weather,76
TRK_0901,FLP-ORD-0203,Hub_3_Lucknow,2025-08-01 20:27:00,None,0
TRK_0902,FLP-ORD-0251,Hub_4_Chennai,2025-07-10 16:08:00,Weather,68
TRK_0903,FLP-ORD-0067,Hub_5_Ahmedabad,2025-07-08 22:13:00,Weather,14
TRK_0904,FLP-ORD-0081,Hub_5_Delhi,2025-08-28 03:38:00,None,0
TRK_0905,FLP-ORD-0057,Hub_1_Delhi,2025-08-06 09:02:00,Weather,25
TRK_0906,FLP-ORD-0191,Hub_3_Delhi,2025-07-20 09:31:00,Traffic,28
TRK_0907,FLP-ORD-0073,Hub_5_Kolkata,2025-07-04 09:56:00,Traffic,33
TRK_0908,FLP-ORD-0251,Hub_1_Hyderabad,2025-08-05 11:04:00,None,0
TRK_0909,FLP-ORD-0214,Hub_4_Lucknow,2025-07-20 18:28:00,None,0
TRK_0910,FLP-ORD-0194,Hub_4_Lucknow,2025-07-09 04:32:00,Technical Issue,107
TRK_0911,FLP-ORD-0231,Hub_4_Chennai,2025-08-25 23:20:00,Traffic,89
TRK_0912,FLP-ORD-0210,Hub_4_Mumbai,2025-08-27 12:21:00,Weather,95
TRK_0913,FLP-ORD-0227,Hub_3_Hyderabad,2025-08-25 05:45:00,Traffic,90
TRK_0914,FLP-ORD-0159,Hub_5_Hyderabad,2025-08-11 17:05:00,Traffic,89
TRK_0915,FLP-ORD-0278,Hub_5_Bengaluru,2025-08-06 16:12:00,None,0
TRK_0916,FLP-ORD-0258,Hub_1_Hyderabad,2025-08-12 17:11:00,None,0
TRK_0917,FLP-ORD-0141,Hub_2_Mumbai,2025-08-23 22:53:00,None,0
TRK_0918,FLP-ORD-0228,Hub_1_Ahmedabad,2025-08-08 10:25:00,Weather,72
TRK_0919,FLP-ORD-0012,Hub_3_Kolkata,2025-07-12 13:01:00,None,0
TRK_0920,FLP-ORD-0163,Hub_4_Pune,2025-07-06 03:06:00,Weather,46
TRK_0921,FLP-ORD-0074,Hub_2_Pune,2025-08-19 02:09:00,Traffic,62
TRK_0922,FLP-ORD-0087,Hub_1_Lucknow,2025-07-21 05:01:00,None,0
TRK_0923,FLP-ORD-0153,Hub_4_Hyderabad,2025-07-21 04:26:00,None,0
TRK_0924,FLP-ORD-0133,Hub_4_Hyderabad,2025-07-04 06:15:00,None,0
TRK_0925,FLP-ORD-0122,Hub_4_Ahmedabad,2025-08-18 16:24:00,None,0
TRK_0926,FLP-ORD-0138,Hub_1_Delhi,2025-07-30 17:26:00,Traffic,13
TRK_0927,FLP-ORD-0209,Hub_2_Bengaluru,2025-07-18 17:37:00,Technical Issue,41
TRK_0928,FLP-ORD-0285,Hub_2_Pune,2025-08-06 13:28:00,Traffic,91
TRK_0929,FLP-ORD-0257,Hub_2_Chennai,2025-07-24 17:10:00,None,0
TRK_0930,FLP-ORD-0276,Hub_4_Ahmedabad,2025-07-29 01:00:00,None,0
TRK_0931,FLP-ORD-0149,Hub_2_Bengaluru,2025-07-04 15:17:00,Weather,117
TRK_0932,FLP-ORD-0195,Hub_3_Mumbai,2025-08-07 16:18:00,Traffic,104
TRK_0933,FLP-ORD-0274,Hub_5_Hyderabad,2025-07-20 02:25:00,Technical Issue,116
TRK_0934,FLP-ORD-0072,Hub_5_Pune,2025-08-26 13:13:00,Technical Issue,112
TRK_0935,FLP-ORD-0163,Hub_3_Pune,2025-08-18 22:28:00,Traffic,94
TRK_0936,FLP-ORD-0165,Hub_3_Mumbai,2025-07-30 19:21:00,Traffic,98
TRK_0937,FLP-ORD-0069,Hub_1_Lucknow,2025-07-31 00:57:00,Traffic,32
TRK_0938,FLP-ORD-0212,Hub_5_Jaipur,2025-08-18 12:34:00,Traffic,93
TRK_0939,FLP-ORD-0040,Hub_5_Bengaluru,2025-08-27 21:28:00,Technical Issue,55
TRK_0940,FLP-ORD-0193,Hub_5_Delhi,2025-07-25 05:53:00,None,0
TRK_0941,FLP-ORD-0005,Hub_1_Jaipur,2025-07-24 06:28:00,Traffic,105
TRK_0942,FLP-ORD-0011,Hub_3_Delhi,2025-07-13 02:52:00,Technical Issue,48
TRK_0943,FLP-ORD-0114,Hub_2_Jaipur,2025-07-24 01:17:00,Weather,100
TRK_0944,FLP-ORD-0108,Hub_1_Mumbai,2025-08-22 20:25:00,Traffic,45
TRK_0945,FLP-ORD-0292,Hub_5_Jaipur,2025-07-11 17:12:00,Technical Issue,82
TRK_0946,FLP-ORD-0290,Hub_2_Hyderabad,2025-08-07 04:47:00,Traffic,43
TRK_0947,FLP-ORD-0292,Hub_2_Ahmedabad,2025-08-16 08:12:00,None,0
TRK_0948,FLP-ORD-0012,Hub_5_Lucknow,2025-07-17 21:35:00,None,0
TRK_0949,FLP-ORD-0002,Hub_4_Bengaluru,2025-08-24 10:27:00,None,0
TRK_0950,FLP-ORD-0209,Hub_3_Hyderabad,2025-08-13 16:29:00,Weather,76
TRK_0951,FLP-ORD-0023,Hub_2_Bengaluru,2025-07-18 13:34:00,Weather,10
TRK_0952,FLP-ORD-0201,Hub_2_Delhi,2025-07-06 18:51:00,Traffic,104
TRK_0953,FLP-ORD-0116,Hub_4_Hyderabad,2025-08-28 07:12:00,Traffic,49
TRK_0954,FLP-ORD-0033,Hub_1_Bengaluru,2025-07-31 13:51:00,Traffic,112
TRK_0955,FLP-ORD-0172,Hub_3_Mumbai,2025-07-07 15:15:00,None,0
TRK_0956,FLP-ORD-0028,Hub_3_Ahmedabad,2025-08-20 07:04:00,None,0
TRK_0957,FLP-ORD-0225,Hub_1_Jaipur,2025-08-07 03:05:00,None,0
TRK_0958,FLP-ORD-0018,Hub_4_Delhi,2025-08-26 22:04:00,None,0
TRK_0959,FLP-ORD-0032,Hub_4_Bengaluru,2025-07-20 19:40:00,Weather,23
TRK_0960,FLP-ORD-0029,Hub_5_Bengaluru,2025-07-19 12:25:00,Traffic,106
TRK_0961,FLP-ORD-0211,Hub_2_Lucknow,2025-08-20 21:39:00,Traffic,59
TRK_0962,FLP-ORD-0238,Hub_4_Lucknow,2025-08-09 03:21:00,Technical Issue,96
TRK_0963,FLP-ORD-0014,Hub_4_Ahmedabad,2025-07-22 18:12:00,Traffic,11
TRK_0964,FLP-ORD-0035,Hub_5_Mumbai,2025-08-27 18:08:00,Technical Issue,42
TRK_0965,FLP-ORD-0182,Hub_4_Jaipur,2025-08-16 19:28:00,Traffic,27
TRK_0966,FLP-ORD-0023,Hub_1_Chennai,2025-07-20 18:27:00,Weather,93
TRK_0967,FLP-ORD-0184,Hub_3_Lucknow,2025-08-26 17:49:00,Traffic,70
TRK_0968,FLP-ORD-0159,Hub_5_Delhi,2025-07-19 11:00:00,Weather,94
TRK_0969,FLP-ORD-0075,Hub_1_Mumbai,2025-08-02 17:54:00,Traffic,54
TRK_0970,FLP-ORD-0101,Hub_2_Mumbai,2025-08-20 02:21:00,Traffic,70
TRK_0971,FLP-ORD-0240,Hub_5_Delhi,2025-08-24 18:36:00,None,0
TRK_0972,FLP-ORD-0154,Hub_4_Delhi,2025-07-11 03:29:00,None,0
TRK_0973,FLP-ORD-0022,Hub_4_Mumbai,2025-08-28 00:40:00,Traffic,39
TRK_0974,FLP-ORD-0239,Hub_5_Mumbai,2025-07-16 15:47:00,None,0
TRK_0975,FLP-ORD-0170,Hub_4_Mumbai,2025-07-26 05:52:00,None,0
TRK_0976,FLP-ORD-0186,Hub_1_Hyderabad,2025-07-23 00:35:00,Traffic,47
TRK_0977,FLP-ORD-0226,Hub_2_Lucknow,2025-08-28 11:02:00,None,0
TRK_0978,FLP-ORD-0102,Hub_2_Pune,2025-07-12 07:56:00,Traffic,32
TRK_0979,FLP-ORD-0174,Hub_5_Mumbai,2025-07-12 06:01:00,Traffic,43
TRK_0980,FLP-ORD-0052,Hub_1_Chennai,2025-07-25 20:50:00,None,0
TRK_0981,FLP-ORD-0174,Hub_2_Pune,2025-07-30 07:23:00,None,0
TRK_0982,FLP-ORD-0088,Hub_5_Lucknow,2025-08-26 13:56:00,None,0
TRK_0983,FLP-ORD-0061,Hub_2_Chennai,2025-08-20 06:12:00,Weather,98
TRK_0984,FLP-ORD-0192,Hub_3_Lucknow,2025-07-28 20:15:00,None,0
TRK_0985,FLP-ORD-0097,Hub_5_Pune,2025-08-20 04:20:00,Traffic,90
TRK_0986,FLP-ORD-0144,Hub_2_Ahmedabad,2025-08-07 15:13:00,None,0
TRK_0987,FLP-ORD-0241,Hub_5_Hyderabad,2025-07-11 16:24:00,None,0
TRK_0988,FLP-ORD-0261,Hub_3_Jaipur,2025-08-03 14:11:00,Traffic,57
TRK_0989,FLP-ORD-0270,Hub_4_Jaipur,2025-07-31 08:37:00,Weather,111
TRK_0990,FLP-ORD-0299,Hub_1_Mumbai,2025-07-15 06:28:00,None,0
TRK_0991,FLP-ORD-0203,Hub_2_Pune,2025-07-28 12:36:00,Traffic,117
TRK_0992,FLP-ORD-0192,Hub_3_Ahmedabad,2025-07-06 04:48:00,Traffic,66
TRK_0993,FLP-ORD-0266,Hub_3_Mumbai,2025-08-07 01:29:00,Weather,53
TRK_0994,FLP-ORD-0219,Hub_4_Jaipur,2025-07-28 13:23:00,None,0
TRK_0995,FLP-ORD-0163,Hub_3_Kolkata,2025-07-02 05:28:00,Traffic,92
TRK_0996,FLP-ORD-0039,Hub_3_Hyderabad,2025-07-19 16:32:00,Weather,20
TRK_0997,FLP-ORD-0142,Hub_2_Hyderabad,2025-07-08 02:23:00,Traffic,35
TRK_0998,FLP-ORD-0171,Hub_2_Delhi,2025-07-17 09:47:00,None,0
TRK_0999,FLP-ORD-0141,Hub_2_Lucknow,2025-07-09 22:47:00,Weather,43
TRK_1000,FLP-ORD-0005,Hub_3_Pune,2025-08-22 11:50:00,None,0